label_index	winner_index	loser_index	evaluator_index
18	65	0	35
28	65	0	151
29	65	0	14
39	16	0	9
46	16	0	151
51	78	0	9
61	75	0	37
74	26	0	14
86	54	0	37
96	58	0	37
106	61	0	37
110	61	0	151
114	14	0	35
115	14	0	104
116	14	0	104
121	14	0	151
127	66	0	9
128	66	0	9
138	66	0	20
149	33	0	37
153	33	0	124
173	73	0	9
174	73	0	37
179	39	0	104
188	41	0	35
204	4	0	9
215	55	0	104
219	55	0	10
220	55	0	10
234	74	0	9
253	27	0	104
259	27	0	9
284	72	0	9
329	76	0	129
339	22	0	129
352	35	0	151
359	19	0	37
363	19	0	20
369	18	0	37
387	17	0	129
395	15	0	35
401	15	0	37
434	5	0	9
437	5	0	37
455	59	0	151
471	25	0	20
482	48	0	37
483	48	0	37
487	34	0	104
516	37	0	104
524	37	0	3
534	80	0	151
541	50	0	9
554	53	0	151
555	53	0	151
566	68	0	37
570	68	0	92
607	10	0	37
616	70	0	9
632	47	0	9
647	64	0	129
670	21	0	35
675	21	0	129
676	21	0	129
687	46	0	35
698	44	0	9
699	44	0	9
711	31	0	35
719	42	0	35
743	79	0	151
744	79	0	43
746	60	0	104
752	60	0	129
759	6	0	131
765	6	0	129
773	24	0	104
791	51	0	151
792	51	0	151
807	29	0	37
808	29	0	37
835	28	0	104
838	28	0	9
840	28	0	37
846	20	0	104
866	69	0	9
869	69	0	37
870	69	0	37
881	43	0	9
890	63	0	9
902	13	0	104
908	13	0	129
924	3	0	37
942	65	30	35
946	65	30	129
953	16	30	104
963	78	30	104
972	26	30	35
990	58	30	129
1002	61	30	9
1012	61	30	92
1021	14	30	151
1024	66	30	104
1034	66	30	151
1039	33	30	35
1045	33	30	151
1051	2	30	129
1052	2	30	37
1056	73	30	35
1057	73	30	9
1058	73	30	9
1063	73	30	21
1076	41	30	129
1082	4	30	104
1091	4	30	14
1113	74	30	20
1117	8	30	131
1120	8	30	151
1121	8	30	151
1132	71	30	9
1138	71	30	151
1140	72	30	104
1141	72	30	104
1149	72	30	44
1159	49	30	151
1168	76	30	35
1174	76	30	129
1182	22	30	129
1183	22	30	129
1189	35	30	104
1201	19	30	9
1208	18	30	9
1218	9	30	129
1240	15	30	37
1250	52	30	37
1255	36	30	35
1256	36	30	104
1273	5	30	129
1282	59	30	129
1287	59	30	151
1299	25	30	151
1308	48	30	129
1309	48	30	129
1317	34	30	104
1337	37	30	35
1342	37	30	129
1357	50	30	151
1359	53	30	35
1362	53	30	129
1363	53	30	129
1368	68	30	104
1377	67	30	35
1378	67	30	104
1391	0	30	129
1407	10	30	35
1420	70	30	151
1423	47	30	9
1427	47	30	151
1430	64	30	9
1432	64	30	129
1438	64	30	29
1446	21	30	129
1454	12	30	151
1455	46	30	131
1459	46	30	44
1507	6	30	35
1520	24	30	43
1538	11	30	35
1542	11	30	129
1554	29	30	129
1557	29	30	151
1572	28	30	37
1619	63	30	151
1626	13	30	129
1652	62	69	37
1673	16	69	9
1689	78	69	37
1707	26	69	37
1708	26	69	37
1712	54	69	9
1717	54	69	37
1749	14	69	104
1758	14	69	151
1765	66	69	9
1766	66	69	9
1782	33	69	37
1806	39	69	35
1819	4	69	9
1820	4	69	9
1821	4	69	9
1834	55	69	14
1838	40	69	104
1839	40	69	9
1846	74	69	35
1858	8	69	9
1861	8	69	129
1863	8	69	151
1865	27	69	35
1878	71	69	9
1886	71	69	151
1903	49	69	129
1904	49	69	151
1911	32	69	9
1921	76	69	9
1925	76	69	151
1926	76	69	151
1939	35	69	37
1956	9	69	37
1962	17	69	9
1971	17	69	151
1999	36	69	9
2010	5	69	129
2015	5	69	151
2020	59	69	104
2024	59	69	129
2027	59	69	151
2033	25	69	35
2034	25	69	104
2037	25	69	9
2055	48	69	37
2063	34	69	9
2069	34	69	3
2073	56	69	104
2086	37	69	104
2099	80	69	37
2139	67	69	35
2140	67	69	35
2145	67	69	10
2150	0	69	35
2158	0	69	151
2161	7	69	9
2162	7	69	9
2164	7	69	129
2167	7	69	151
2175	10	69	35
2176	10	69	104
2188	70	69	9
2190	70	69	129
2196	70	69	92
2202	47	69	129
2219	57	69	9
2229	12	69	104
2235	46	69	35
2238	46	69	9
2257	31	69	151
2277	42	69	151
2286	79	69	10
2301	60	69	151
2309	6	69	9
2344	51	69	151
2355	11	69	9
2374	30	69	35
2376	30	69	9
2377	30	69	9
2380	30	69	151
2388	28	69	9
2401	20	69	35
2406	20	69	37
2431	63	69	129
2457	3	69	104
2458	3	69	104
2469	62	63	37
2470	62	63	37
2472	62	63	151
2492	16	63	9
2508	78	63	37
2522	75	63	37
2532	26	63	37
2534	26	63	144
2537	54	63	9
2555	58	63	37
2569	61	63	37
2579	14	63	104
2587	66	63	104
2602	33	63	9
2603	33	63	9
2606	33	63	37
2607	33	63	37
2609	33	63	151
2628	73	63	9
2629	73	63	9
2632	73	63	37
2633	73	63	37
2641	39	63	104
2653	41	63	37
2667	4	63	151
2682	55	63	37
2685	55	63	44
2687	40	63	104
2696	74	63	104
2708	8	63	37
2712	27	63	37
2713	27	63	37
2742	72	63	151
2750	49	63	104
2788	22	63	104
2817	19	63	151
2821	18	63	104
2841	9	63	151
2842	9	63	151
2850	17	63	9
2870	15	63	37
2889	36	63	35
2895	36	63	151
2899	5	63	104
2908	59	63	104
2914	59	63	151
2915	59	63	151
2978	56	63	124
2983	37	63	9
2985	37	63	37
2988	37	63	151
2997	80	63	35
3040	68	63	21
3046	67	63	9
3052	67	63	151
3059	0	63	151
3066	7	63	9
3067	7	63	9
3071	7	63	37
3087	10	63	44
3095	70	63	37
3099	70	63	92
3107	47	63	37
3126	57	63	129
3132	57	63	151
3142	12	63	37
3162	31	63	104
3168	31	63	151
3175	42	63	37
3182	79	63	104
3223	24	63	124
3229	51	63	37
3250	11	63	20
3253	29	63	37
3254	29	63	37
3255	29	63	37
3256	29	63	144
3269	30	63	37
3352	23	63	151
3363	62	44	37
3379	65	44	151
3393	16	44	151
3394	16	44	14
3421	75	44	37
3425	75	44	151
3436	26	44	151
3470	61	44	104
3473	61	44	9
3506	66	44	151
3528	2	44	151
3535	73	44	9
3536	73	44	9
3555	41	44	35
3576	4	44	20
3591	40	44	37
3616	8	44	37
3651	72	44	10
3677	32	44	37
3689	76	44	9
3690	76	44	9
3719	35	44	151
3745	9	44	104
3756	9	44	37
3768	17	44	151
3772	15	44	104
3796	52	44	37
3814	36	44	37
3820	5	44	104
3828	5	44	151
3829	5	44	151
3847	59	44	92
3856	25	44	37
3869	48	44	9
3899	77	44	129
3943	80	44	151
3953	50	44	151
3966	53	44	37
3980	68	44	37
3994	67	44	37
3996	67	44	21
4056	47	44	37
4085	57	44	151
4094	21	44	151
4095	21	44	44
4102	12	44	151
4108	46	44	129
4109	46	44	129
4114	46	44	151
4118	31	44	9
4120	31	44	37
4121	31	44	37
4137	42	44	37
4138	42	44	37
4140	42	44	151
4153	79	44	151
4163	60	44	37
4170	60	44	151
4171	60	44	151
4175	6	44	9
4199	51	44	37
4200	51	44	37
4214	11	44	37
4221	29	44	37
4259	20	44	37
4293	63	44	104
4303	63	44	151
4304	63	44	20
4308	13	44	35
4342	62	29	9
4345	62	29	37
4350	62	29	151
4371	16	29	104
4391	78	29	37
4392	78	29	37
4393	78	29	37
4407	75	29	44
4413	26	29	35
4420	26	29	151
4441	58	29	9
4451	58	29	151
4460	61	29	37
4469	14	29	35
4473	14	29	9
4474	14	29	9
4476	14	29	10
4507	33	29	9
4513	33	29	3
4533	73	29	9
4553	39	29	37
4577	4	29	104
4579	4	29	9
4592	55	29	129
4604	40	29	37
4614	74	29	9
4628	8	29	9
4634	8	29	129
4664	71	29	151
4669	72	29	9
4682	49	29	104
4724	76	29	151
4744	35	29	10
4747	35	29	44
4755	19	29	37
4763	18	29	35
4764	18	29	104
4766	18	29	9
4773	18	29	151
4785	9	29	37
4808	15	29	37
4809	15	29	37
4818	52	29	129
4825	52	29	151
4826	52	29	44
4829	36	29	9
4852	5	29	37
4874	59	29	151
4882	25	29	9
4914	34	29	37
4923	77	29	129
4934	56	29	9
4936	56	29	37
4943	56	29	151
4959	37	29	151
4965	80	29	9
4970	80	29	37
4986	50	29	151
4997	53	29	151
5017	67	29	104
5049	7	29	9
5054	7	29	129
5076	70	29	9
5077	70	29	9
5083	70	29	129
5092	47	29	9
5104	47	29	29
5112	64	29	129
5117	64	29	151
5123	57	29	9
5133	21	29	9
5153	46	29	35
5154	46	29	104
5155	46	29	104
5180	31	29	9
5182	31	29	37
5254	24	29	104
5265	51	29	35
5266	51	29	35
5274	51	29	129
5275	51	29	37
5282	11	29	9
5287	11	29	37
5312	45	29	37
5314	28	29	35
5340	20	29	37
5351	69	29	104
5366	43	29	35
5373	43	29	14
5377	63	29	35
5378	63	29	9
5379	63	29	9
5420	3	29	129
5421	3	29	37
5436	62	68	151
5437	65	68	35
5438	65	68	104
5445	65	68	151
5450	16	68	104
5468	75	68	35
5481	54	68	35
5491	54	68	151
5493	58	68	104
5498	58	68	129
5520	14	68	35
5537	66	68	43
5552	2	68	104
5556	2	68	151
5557	2	68	151
5562	73	68	9
5568	39	68	9
5589	4	68	37
5594	4	68	151
5601	55	68	9
5605	55	68	37
5609	40	68	37
5620	74	68	9
5624	74	68	129
5635	27	68	104
5640	27	68	44
5677	32	68	9
5678	32	68	9
5681	32	68	37
5685	32	68	151
5705	22	68	43
5709	35	68	9
5713	35	68	37
5721	19	68	151
5731	18	68	151
5760	15	68	151
5767	52	68	129
5809	25	68	9
5818	48	68	104
5820	48	68	37
5827	48	68	29
5851	56	68	9
5853	56	68	129
5857	56	68	43
5879	50	68	129
5916	0	68	151
5921	7	68	9
5922	7	68	9
5925	7	68	144
5926	7	68	124
5950	47	68	104
5951	47	68	9
5970	57	68	29
5975	21	68	129
5978	21	68	29
5979	12	68	104
5980	12	68	37
5992	44	68	129
6006	42	68	41
6017	79	68	129
6019	79	68	151
6071	51	68	151
6077	11	68	35
6080	11	68	9
6089	29	68	104
6092	29	68	37
6096	30	68	35
6107	45	68	37
6108	45	68	3
6124	20	68	35
6154	43	68	35
6164	43	68	20
6188	1	68	151
6200	3	68	37
6203	3	68	151
6210	62	31	9
6220	65	31	35
6240	16	31	9
6255	78	31	37
6256	78	31	37
6263	75	31	104
6264	75	31	104
6288	54	31	9
6301	58	31	129
6302	58	31	129
6326	61	31	43
6331	14	31	9
6345	66	31	129
6406	39	31	44
6427	4	31	9
6428	4	31	9
6472	8	31	104
6475	8	31	9
6498	71	31	35
6503	71	31	37
6513	72	31	9
6520	72	31	151
6532	49	31	43
6533	49	31	92
6536	32	31	104
6537	32	31	9
6539	32	31	129
6563	22	31	9
6574	35	31	37
6579	35	31	151
6599	18	31	9
6611	9	31	35
6616	9	31	9
6628	17	31	9
6632	17	31	129
6644	15	31	9
6645	15	31	9
6674	36	31	9
6688	5	31	131
6693	5	31	129
6704	59	31	104
6716	59	31	151
6717	59	31	20
6739	48	31	9
6740	48	31	9
6775	56	31	35
6779	56	31	129
6789	37	31	10
6800	80	31	9
6801	80	31	9
6811	50	31	104
6824	53	31	9
6861	67	31	151
6864	0	31	129
6887	10	31	104
6902	70	31	9
6903	70	31	9
6905	70	31	129
6910	70	31	151
6911	70	31	151
6913	47	31	9
6934	64	31	129
6960	21	31	9
6990	42	31	104
7009	79	31	9
7010	79	31	9
7038	6	31	104
7061	24	31	145
7075	51	31	151
7080	11	31	104
7087	11	31	14
7103	30	31	10
7151	69	31	129
7152	69	31	129
7158	43	31	9
7168	43	31	151
7180	63	31	144
7194	13	31	129
7199	13	31	151
7212	23	31	129
7214	23	31	151
7215	23	31	151
7216	23	31	151
7225	62	49	104
7229	62	49	37
7240	65	49	104
7274	75	49	35
7277	75	49	37
7284	26	49	104
7296	54	49	9
7297	54	49	129
7308	58	49	104
7336	14	49	9
7359	66	49	145
7404	39	49	151
7422	4	49	37
7423	4	49	10
7444	74	49	104
7451	74	49	129
7452	74	49	129
7453	74	49	151
7466	27	49	104
7480	71	49	37
7494	72	49	37
7506	32	49	9
7507	32	49	9
7520	76	49	129
7521	76	49	129
7527	22	49	35
7528	22	49	104
7540	35	49	37
7551	19	49	41
7553	18	49	104
7555	18	49	9
7565	9	49	9
7566	9	49	9
7585	17	49	151
7586	17	49	3
7608	52	49	10
7618	36	49	104
7630	5	49	9
7634	5	49	3
7644	59	49	129
7645	59	49	37
7647	59	49	3
7664	48	49	35
7668	48	49	37
7670	48	49	44
7695	56	49	9
7696	56	49	37
7707	37	49	37
7712	80	49	37
7735	53	49	151
7748	68	49	124
7752	67	49	131
7769	7	49	35
7770	7	49	35
7775	7	49	129
7787	10	49	37
7795	70	49	131
7801	70	49	129
7810	47	49	151
7814	64	49	104
7817	64	49	129
7827	57	49	151
7833	21	49	9
7834	21	49	129
7837	21	49	151
7845	46	49	104
7848	46	49	129
7860	31	49	37
7888	79	49	151
7905	6	49	129
7956	30	49	41
7977	20	49	104
7982	20	49	37
8014	43	49	129
8015	43	49	129
8016	43	49	129
8047	23	49	104
8052	3	49	37
8066	65	4	35
8072	16	4	35
8073	16	4	9
8085	78	4	129
8095	75	4	151
8096	75	4	151
8100	26	4	129
8101	26	4	129
8107	54	4	35
8109	54	4	129
8114	58	4	104
8125	58	4	44
8135	61	4	151
8154	33	4	9
8177	39	4	129
8187	41	4	35
8205	40	4	104
8212	74	4	124
8213	8	4	35
8216	8	4	129
8221	27	4	129
8242	49	4	35
8246	49	4	129
8252	49	4	151
8253	49	4	44
8255	32	4	9
8265	76	4	129
8268	76	4	44
8274	22	4	129
8279	22	4	29
8280	35	4	104
8283	35	4	37
8291	19	4	9
8294	19	4	129
8299	18	4	9
8305	9	4	35
8308	9	4	129
8313	17	4	9
8331	36	4	9
8334	36	4	129
8335	36	4	129
8342	59	4	9
8343	59	4	129
8347	59	4	151
8374	77	4	129
8375	77	4	129
8376	77	4	151
8385	37	4	144
8388	37	4	151
8397	50	4	129
8404	53	4	129
8431	0	4	151
8433	7	4	104
8435	7	4	9
8453	70	4	29
8467	64	4	124
8470	57	4	129
8477	21	4	151
8488	44	4	129
8489	44	4	129
8494	31	4	144
8497	42	4	35
8509	79	4	9
8513	60	4	131
8535	24	4	129
8553	11	4	151
8568	45	4	129
8607	43	4	129
8612	63	4	35
8617	63	4	129
8627	1	4	129
8630	1	4	144
8632	1	4	151
8635	23	4	129
8639	3	4	104
8641	3	4	129
8642	3	4	151
8648	62	34	37
8658	65	34	129
8663	65	34	92
8666	16	34	9
8668	78	34	104
8680	75	34	129
8681	75	34	129
8688	54	34	104
8717	14	34	151
8718	14	34	92
8733	33	34	35
8735	33	34	9
8738	33	34	151
8745	73	34	129
8749	73	34	151
8753	39	34	144
8789	40	34	37
8801	74	34	124
8803	8	34	104
8804	8	34	9
8819	71	34	21
8832	49	34	35
8833	49	34	35
8848	22	34	104
8856	35	34	35
8857	35	34	35
8862	35	34	37
8869	19	34	37
8870	19	34	37
8872	19	34	151
8894	15	34	35
8903	52	34	151
8917	5	34	129
8923	59	34	104
8928	59	34	151
8929	59	34	151
8939	48	34	35
8941	48	34	9
8942	48	34	9
8944	48	34	129
8949	77	34	129
8953	56	34	9
8977	50	34	151
8978	53	34	104
8981	53	34	37
8992	67	34	35
8993	67	34	35
8994	67	34	35
9000	67	34	151
9005	0	34	129
9010	7	34	35
9021	10	34	9
9042	57	34	92
9044	21	34	9
9048	21	34	44
9052	46	34	35
9058	46	34	151
9087	79	34	21
9088	79	34	44
9096	60	34	144
9115	51	34	129
9135	29	34	129
9146	30	34	3
9150	45	34	151
9154	28	34	37
9158	20	34	35
9159	20	34	104
9180	43	34	129
9202	3	34	129
9224	65	18	151
9241	75	18	104
9260	54	18	129
9261	54	18	129
9325	2	18	37
9329	73	18	9
9348	39	18	151
9354	41	18	37
9401	74	18	151
9404	8	18	129
9427	72	18	35
9461	22	18	129
9472	35	18	37
9473	35	18	37
9474	35	18	37
9478	19	18	104
9490	9	18	151
9525	36	18	9
9534	5	18	9
9559	25	18	104
9569	48	18	104
9579	48	18	29
9586	34	18	37
9588	34	18	151
9590	77	18	104
9625	80	18	10
9635	50	18	151
9636	50	18	92
9642	53	18	129
9657	67	18	35
9666	67	18	21
9672	0	18	129
9697	10	18	14
9704	70	18	129
9710	47	18	129
9750	44	18	104
9762	31	18	144
9775	79	18	35
9776	79	18	104
9779	79	18	129
9783	79	18	10
9785	79	18	21
9788	60	18	129
9789	60	18	129
9803	6	18	151
9811	24	18	37
9849	30	18	37
9883	38	18	129
9905	43	18	129
9911	63	18	104
9944	23	18	129
9969	65	32	129
9971	65	32	151
9978	16	32	129
10001	26	32	129
10026	58	32	14
10041	14	32	104
10044	14	32	129
10045	14	32	129
10054	66	32	10
10068	33	32	129
10070	33	32	151
10081	2	32	129
10100	41	32	151
10105	4	32	37
10124	40	32	104
10133	74	32	129
10159	27	32	129
10172	72	32	35
10173	72	32	104
10176	72	32	129
10196	76	32	129
10203	22	32	104
10241	9	32	9
10244	9	32	37
10251	15	32	104
10275	36	32	129
10278	36	32	151
10307	25	32	104
10310	25	32	144
10317	48	32	129
10354	37	32	35
10362	37	32	151
10387	68	32	129
10389	67	32	129
10390	67	32	129
10435	64	32	104
10436	64	32	104
10439	64	32	129
10446	21	32	129
10464	31	32	104
10485	79	32	104
10495	60	32	104
10512	6	32	129
10557	29	32	129
10558	29	32	129
10584	28	32	10
10612	43	32	104
10632	13	32	129
10642	1	32	104
10655	3	32	104
10661	62	80	35
10670	65	80	35
10678	16	80	131
10681	16	80	9
10686	78	80	35
10697	26	80	104
10702	54	80	35
10709	54	80	151
10727	61	80	35
10732	61	80	129
10744	14	80	35
10749	14	80	129
10753	14	80	151
10759	66	80	35
10777	2	80	129
10788	39	80	129
10807	4	80	10
10840	8	80	9
10844	27	80	129
10847	27	80	44
10853	71	80	9
10861	71	80	29
10867	49	80	129
10880	32	80	129
10898	22	80	129
10899	22	80	129
10905	22	80	44
10912	35	80	151
10913	35	80	3
10916	19	80	35
10922	19	80	151
10924	18	80	9
10927	18	80	129
10928	18	80	129
10931	18	80	151
10951	17	80	3
10957	15	80	9
10959	15	80	129
10968	52	80	9
10971	52	80	129
10998	59	80	35
10999	59	80	35
11001	59	80	129
11010	25	80	129
11017	48	80	35
11018	48	80	35
11032	34	80	35
11035	34	80	10
11041	34	80	43
11045	77	80	129
11048	77	80	151
11049	56	80	35
11050	56	80	104
11051	56	80	129
11059	37	80	35
11100	67	80	9
11107	0	80	129
11108	0	80	129
11112	7	80	9
11124	10	80	104
11127	10	80	9
11129	10	80	129
11147	47	80	104
11168	57	80	129
11174	21	80	129
11184	46	80	35
11192	46	80	151
11193	46	80	151
11196	44	80	104
11199	44	80	129
11200	31	80	35
11205	31	80	151
11221	79	80	151
11228	60	80	9
11240	6	80	9
11242	6	80	129
11250	24	80	104
11251	24	80	104
11264	51	80	129
11271	11	80	35
11282	11	80	151
11283	11	80	3
11290	29	80	151
11291	29	80	151
11297	30	80	37
11305	30	80	44
11306	45	80	104
11312	28	80	37
11318	28	80	21
11320	20	80	104
11321	20	80	104
11326	20	80	37
11347	43	80	104
11352	43	80	41
11358	63	80	9
11364	13	80	104
11373	1	80	37
11376	23	80	35
11377	23	80	104
11378	23	80	104
11382	23	80	129
11386	3	80	104
11403	65	52	129
11426	75	52	9
11430	75	52	37
11443	26	52	145
11445	54	52	129
11465	61	52	37
11476	14	52	129
11508	73	52	37
11509	73	52	37
11512	39	52	104
11522	41	52	37
11544	55	52	104
11551	55	52	10
11596	72	52	9
11597	72	52	9
11598	72	52	9
11610	49	52	129
11615	32	52	104
11634	76	52	129
11635	76	52	129
11647	35	52	145
11653	19	52	9
11665	18	52	129
11666	18	52	37
11674	9	52	37
11675	9	52	37
11692	15	52	104
11707	5	52	9
11718	59	52	35
11728	25	52	37
11740	48	52	9
11747	48	52	151
11755	34	52	37
11767	77	52	129
11778	37	52	144
11816	67	52	14
11824	0	52	144
11860	47	52	151
11887	12	52	104
11888	12	52	104
11899	44	52	104
11938	60	52	145
11939	60	52	145
11966	51	52	151
11985	29	52	43
11993	30	52	10
12008	28	52	37
12023	38	52	104
12046	43	52	10
12073	1	52	37
12087	3	52	151
12095	62	26	9
12099	62	26	41
12117	16	26	35
12127	16	26	3
12146	75	26	9
12147	75	26	9
12152	75	26	151
12156	54	26	104
12161	54	26	10
12178	61	26	104
12198	14	26	9
12199	14	26	9
12202	14	26	129
12245	2	26	131
12255	73	26	129
12261	73	26	151
12262	73	26	151
12268	39	26	9
12269	39	26	9
12270	39	26	9
12278	39	26	151
12315	40	26	37
12316	40	26	10
12335	8	26	104
12348	27	26	129
12349	27	26	129
12351	27	26	10
12354	27	26	151
12355	27	26	151
12356	27	26	151
12363	71	26	37
12371	72	26	104
12373	72	26	9
12383	49	26	9
12384	49	26	9
12386	49	26	129
12397	32	26	9
12410	76	26	9
12411	76	26	9
12416	76	26	129
12430	22	26	129
12437	35	26	104
12442	35	26	37
12451	19	26	9
12462	18	26	104
12474	9	26	104
12529	36	26	35
12531	36	26	9
12532	36	26	9
12546	5	26	129
12554	59	26	104
12556	59	26	9
12562	59	26	129
12584	48	26	129
12593	48	26	43
12601	34	26	9
12633	56	26	151
12653	37	26	151
12654	37	26	124
12665	80	26	151
12679	50	26	144
12692	53	26	35
12693	53	26	9
12695	53	26	129
12709	68	26	129
12721	67	26	35
12724	67	26	9
12736	0	26	129
12760	10	26	104
12794	47	26	129
12802	64	26	104
12809	64	26	129
12810	64	26	10
12814	64	26	151
12818	57	26	35
12819	57	26	35
12821	57	26	9
12826	57	26	151
12827	57	26	14
12834	21	26	35
12851	46	26	104
12868	31	26	104
12875	31	26	37
12890	42	26	129
12894	42	26	151
12911	60	26	9
12924	6	26	104
12967	11	26	9
12972	11	26	129
13001	45	26	104
13009	28	26	9
13022	20	26	9
13035	38	26	129
13036	38	26	10
13064	43	26	151
13071	63	26	129
13120	62	54	37
13126	65	54	129
13129	65	54	37
13147	78	54	37
13152	75	54	131
13155	75	54	9
13176	58	54	129
13197	14	54	104
13198	14	54	104
13225	33	54	9
13228	33	54	37
13233	33	54	29
13237	2	54	104
13238	2	54	104
13249	73	54	9
13250	73	54	9
13268	41	54	104
13277	41	54	44
13280	4	54	104
13302	55	54	37
13314	74	54	129
13323	8	54	104
13338	27	54	129
13348	71	54	104
13366	72	54	10
13373	49	54	104
13378	49	54	151
13395	76	54	35
13416	22	54	151
13425	35	54	151
13433	19	54	37
13449	9	54	35
13454	9	54	37
13464	17	54	129
13508	5	54	35
13542	48	54	104
13561	34	54	37
13569	77	54	129
13593	37	54	9
13594	37	54	9
13599	37	54	151
13612	50	54	104
13616	50	54	129
13617	50	54	129
13618	50	54	129
13627	53	54	10
13692	70	54	151
13703	64	54	35
13733	46	54	129
13734	46	54	129
13743	44	54	129
13769	79	54	129
13771	79	54	37
13782	60	54	129
13805	24	54	124
13821	11	54	37
13833	29	54	92
13840	30	54	37
13841	30	54	37
13874	38	54	129
13877	38	54	151
13886	69	54	37
13898	43	54	129
13905	63	54	129
13937	62	36	37
13956	65	36	151
13971	78	36	104
14017	58	36	129
14027	61	36	131
14043	14	36	129
14063	33	36	104
14078	2	36	37
14098	39	36	151
14099	41	36	104
14116	4	36	151
14129	40	36	104
14163	8	36	151
14166	27	36	37
14170	27	36	44
14173	71	36	104
14189	72	36	37
14191	72	36	151
14216	76	36	104
14226	22	36	104
14246	19	36	35
14248	19	36	37
14267	18	36	92
14275	9	36	10
14297	15	36	37
14300	15	36	10
14313	52	36	9
14320	5	36	9
14324	5	36	37
14325	5	36	37
14326	5	36	37
14352	25	36	37
14375	34	36	104
14380	34	36	37
14398	56	36	129
14428	80	36	21
14435	50	36	129
14440	53	36	9
14457	68	36	151
14460	67	36	104
14466	67	36	129
14479	0	36	129
14480	0	36	129
14492	7	36	129
14496	7	36	21
14509	70	36	104
14517	70	36	151
14523	47	36	129
14549	21	36	104
14565	46	36	151
14571	31	36	35
14576	31	36	151
14580	42	36	104
14585	42	36	37
14592	42	36	151
14603	60	36	104
14613	60	36	151
14614	60	36	151
14626	24	36	129
14668	30	36	43
14688	28	36	29
14709	38	36	129
14734	43	36	129
14745	63	36	41
14748	63	36	14
14752	13	36	104
14758	13	36	129
14764	13	36	151
14767	1	36	37
14770	1	36	151
14771	1	36	151
14776	23	36	129
14780	23	36	151
14791	62	7	104
14799	62	7	10
14810	65	7	35
14814	65	7	37
14830	16	7	151
14831	16	7	44
14845	75	7	37
14846	75	7	37
14857	54	7	104
14869	58	7	37
14889	14	7	37
14896	66	7	104
14917	33	7	37
14919	33	7	151
14920	33	7	151
14934	73	7	37
14935	73	7	37
14971	55	7	37
14985	74	7	37
15021	72	7	151
15023	49	7	104
15024	49	7	104
15030	49	7	29
15049	76	7	9
15054	76	7	10
15057	76	7	151
15058	76	7	124
15071	22	7	151
15088	19	7	104
15098	18	7	9
15111	9	7	37
15112	9	7	37
15133	15	7	37
15139	15	7	151
15156	36	7	9
15182	59	7	151
15204	48	7	144
15253	37	7	151
15260	80	7	37
15263	50	7	104
15282	68	7	104
15296	67	7	9
15299	67	7	37
15303	0	7	37
15321	70	7	104
15347	64	7	151
15384	31	7	37
15397	42	7	151
15400	79	7	37
15405	79	7	43
15414	60	7	37
15415	60	7	37
15441	51	7	104
15446	51	7	37
15463	29	7	37
15469	30	7	104
15475	30	7	37
15486	45	7	151
15509	20	7	151
15534	63	7	104
15538	63	7	20
15545	13	7	37
15553	23	7	104
15560	3	7	37
15603	16	45	129
15611	16	45	151
15625	78	45	151
15638	75	45	129
15651	26	45	35
15654	26	45	9
15676	54	45	151
15677	54	45	151
15685	58	45	9
15709	61	45	151
15719	14	45	129
15720	14	45	129
15727	14	45	151
15753	33	45	37
15764	2	45	9
15774	2	45	151
15782	73	45	129
15788	73	45	151
15827	4	45	37
15845	55	45	151
15846	55	45	151
15858	40	45	151
15867	74	45	129
15878	8	45	104
15896	27	45	129
15903	27	45	151
15919	71	45	151
15950	49	45	129
16003	22	45	129
16022	35	45	151
16033	19	45	129
16043	18	45	9
16055	18	45	124
16085	17	45	151
16127	36	45	129
16144	5	45	151
16154	59	45	129
16155	59	45	129
16171	25	45	14
16175	25	45	29
16207	34	45	151
16222	77	45	129
16245	37	45	9
16246	37	45	9
16256	37	45	124
16264	80	45	129
16272	80	45	151
16273	80	45	20
16276	50	45	35
16316	68	45	129
16326	67	45	131
16327	67	45	131
16346	0	45	9
16353	7	45	35
16356	7	45	129
16371	10	45	9
16373	10	45	129
16423	64	45	151
16479	46	45	129
16491	44	45	9
16499	44	45	14
16524	42	45	129
16525	42	45	129
16539	79	45	129
16551	60	45	35
16562	60	45	151
16563	60	45	3
16591	24	45	129
16602	51	45	9
16608	51	45	129
16612	51	45	43
16629	11	45	151
16632	29	45	9
16633	29	45	9
16635	29	45	129
16648	30	45	35
16651	30	45	9
16675	20	45	9
16683	20	45	151
16688	38	45	9
16690	38	45	129
16696	69	45	35
16701	69	45	37
16707	69	45	151
16738	63	45	129
16795	3	45	129
16823	65	35	35
16826	65	35	129
16833	65	35	151
16868	75	35	129
16876	26	35	129
16907	61	35	9
16911	61	35	129
16932	66	35	9
16933	66	35	129
16934	66	35	129
16947	33	35	104
16952	33	35	129
16957	33	35	151
16964	2	35	9
17009	41	35	129
17010	41	35	151
17011	41	35	20
17022	4	35	37
17025	4	35	151
17046	40	35	129
17054	74	35	104
17071	8	35	9
17080	27	35	9
17097	71	35	151
17107	72	35	41
17111	72	35	151
17112	72	35	3
17114	49	35	9
17129	49	35	151
17132	32	35	35
17133	32	35	35
17134	32	35	104
17139	32	35	151
17145	76	35	129
17165	19	35	104
17186	9	35	35
17187	9	35	104
17199	17	35	104
17203	17	35	129
17225	15	35	151
17229	52	35	104
17240	52	35	151
17242	36	35	104
17243	36	35	9
17244	36	35	9
17261	5	35	9
17268	5	35	151
17272	59	35	129
17273	59	35	129
17280	59	35	151
17321	34	35	129
17330	77	35	9
17337	77	35	151
17367	80	35	9
17405	68	35	104
17408	68	35	129
17427	67	35	151
17437	7	35	104
17441	7	35	129
17447	7	35	151
17474	70	35	151
17480	47	35	129
17487	47	35	151
17490	64	35	35
17492	64	35	129
17500	64	35	151
17503	57	35	35
17515	21	35	104
17530	12	35	104
17543	46	35	9
17553	44	35	129
17554	44	35	129
17561	31	35	35
17584	79	35	9
17611	60	35	151
17612	60	35	151
17616	6	35	104
17625	6	35	145
17632	24	35	129
17638	24	35	3
17660	11	35	14
17684	30	35	129
17692	45	35	151
17701	28	35	129
17712	20	35	35
17716	20	35	9
17719	20	35	129
17729	38	35	129
17748	43	35	9
17771	13	35	129
17792	23	35	129
17793	23	35	129
17804	62	5	104
17810	62	5	145
17813	65	5	129
17826	16	5	35
17827	16	5	104
17830	16	5	129
17831	16	5	129
17835	78	5	104
17839	78	5	37
17847	75	5	37
17856	26	5	37
17865	54	5	92
17871	58	5	129
17913	33	5	37
17914	33	5	144
17933	73	5	151
17938	39	5	104
17951	4	5	104
17985	74	5	129
18025	72	5	151
18037	32	5	35
18039	32	5	37
18047	76	5	129
18062	22	5	92
18071	19	5	9
18075	19	5	151
18097	17	5	104
18099	17	5	129
18116	15	5	37
18122	52	5	129
18129	36	5	104
18133	36	5	129
18134	36	5	129
18161	25	5	151
18201	37	5	37
18224	50	5	44
18227	53	5	129
18278	70	5	104
18290	47	5	129
18308	57	5	129
18311	21	5	104
18312	21	5	104
18323	12	5	37
18327	46	5	104
18339	42	5	104
18363	60	5	104
18420	11	5	3
18440	28	5	104
18442	28	5	37
18463	38	5	129
18464	38	5	129
18481	43	5	129
18493	63	5	129
18518	62	8	104
18539	65	8	151
18551	16	8	151
18556	78	8	35
18563	78	8	37
18577	75	8	9
18584	26	8	151
18623	14	8	92
18641	33	8	35
18651	2	8	144
18660	73	8	35
18670	73	8	3
18675	39	8	37
18679	39	8	20
18682	41	8	35
18690	41	8	37
18707	55	8	104
18708	55	8	104
18709	55	8	104
18723	40	8	37
18757	71	8	151
18778	49	8	9
18787	32	8	37
18808	22	8	9
18826	19	8	35
18833	19	8	37
18834	19	8	37
18837	19	8	151
18844	18	8	9
18845	18	8	9
18851	18	8	37
18852	18	8	37
18853	18	8	144
18861	9	8	37
18866	9	8	151
18892	52	8	104
18916	5	8	104
18921	5	8	37
18927	5	8	20
18933	59	8	9
18935	59	8	10
18936	59	8	151
18975	77	8	37
18984	56	8	9
18986	56	8	37
19004	37	8	151
19016	80	8	21
19019	50	8	35
19020	50	8	104
19021	50	8	104
19034	53	8	104
19102	70	8	129
19115	47	8	37
19133	64	8	124
19144	21	8	92
19181	42	8	104
19206	60	8	129
19210	60	8	151
19213	6	8	35
19214	6	8	104
19231	24	8	37
19232	24	8	37
19235	24	8	151
19254	11	8	35
19259	11	8	37
19274	30	8	37
19278	30	8	151
19279	30	8	124
19280	45	8	35
19285	45	8	29
19300	20	8	104
19314	38	8	129
19325	69	8	37
19330	69	8	21
19338	43	8	129
19344	43	8	124
19374	1	8	37
19382	23	8	129
19394	62	67	37
19410	16	67	104
19423	78	67	37
19425	78	67	151
19431	75	67	151
19434	26	67	37
19440	54	67	151
19472	14	67	129
19485	66	67	145
19498	73	67	37
19559	8	67	151
19570	71	67	151
19577	72	67	37
19592	49	67	29
19631	19	67	37
19641	18	67	37
19644	18	67	151
19654	9	67	37
19659	17	67	129
19697	5	67	35
19698	5	67	104
19700	5	67	9
19714	59	67	151
19721	25	67	104
19758	56	67	151
19763	37	67	37
19773	80	67	37
19789	53	67	129
19793	53	67	151
19798	68	67	37
19827	10	67	37
19835	47	67	104
19851	57	67	129
19852	57	67	129
19889	31	67	37
19893	31	67	44
19905	42	67	151
19926	60	67	145
19928	6	67	129
19938	24	67	37
19998	20	67	104
19999	20	67	104
20011	38	67	129
20014	69	67	104
20016	69	67	37
20027	43	67	20
20044	13	67	37
20049	1	67	144
20075	62	73	151
20085	65	73	92
20093	16	73	129
20094	16	73	129
20113	75	73	35
20155	61	73	37
20181	66	73	151
20207	2	73	151
20211	39	73	129
20231	4	73	20
20242	55	73	9
20244	55	73	129
20253	40	73	151
20275	27	73	129
20282	27	73	151
20300	72	73	9
20302	72	73	129
20307	72	73	151
20308	72	73	151
20323	32	73	9
20332	76	73	35
20335	76	73	9
20355	35	73	37
20401	17	73	129
20402	17	73	129
20408	15	73	9
20412	15	73	37
20418	15	73	151
20419	15	73	151
20432	52	73	43
20476	25	73	129
20508	77	73	104
20510	77	73	129
20522	56	73	20
20552	53	73	104
20554	53	73	9
20562	53	73	3
20569	68	73	129
20579	67	73	9
20591	0	73	104
20594	0	73	129
20595	0	73	129
20604	7	73	104
20608	7	73	129
20610	7	73	151
20622	10	73	37
20633	70	73	151
20639	47	73	129
20658	57	73	129
20670	12	73	145
20681	31	73	104
20686	31	73	151
20725	60	73	41
20747	24	73	151
20762	51	73	151
20789	45	73	151
20812	38	73	129
20819	69	73	104
20823	69	73	129
20838	43	73	144
20843	63	73	129
20858	1	73	104
20892	65	48	151
20918	75	48	151
20927	54	48	129
20935	58	48	104
20951	61	48	151
20955	14	48	129
20969	66	48	151
20970	66	48	151
20984	2	48	104
20989	2	48	151
20990	2	48	151
20994	73	48	37
20998	73	48	151
21002	41	48	129
21030	55	48	151
21031	40	48	151
21047	8	48	129
21048	8	48	129
21072	72	48	129
21080	49	48	129
21081	49	48	129
21083	49	48	37
21086	49	48	151
21093	32	48	37
21101	76	48	129
21102	76	48	129
21122	19	48	9
21124	19	48	37
21129	19	48	124
21136	18	48	3
21163	52	48	131
21166	52	48	129
21168	52	48	124
21209	34	48	10
21241	80	48	151
21253	53	48	35
21278	0	48	129
21279	0	48	129
21294	10	48	104
21311	47	48	129
21312	47	48	151
21343	46	48	151
21361	42	48	129
21371	79	48	129
21372	79	48	129
21390	6	48	129
21399	24	48	151
21438	30	48	43
21449	28	48	37
21496	13	48	129
21497	13	48	129
21515	3	48	129
21539	65	70	10
21554	16	70	151
21586	54	70	9
21587	54	70	9
21590	58	70	104
21659	73	70	20
21664	39	70	37
21701	55	70	145
21711	74	70	144
21714	8	70	104
21718	8	70	37
21722	27	70	104
21725	27	70	37
21726	27	70	37
21727	27	70	37
21753	72	70	145
21764	32	70	37
21776	76	70	35
21806	19	70	37
21818	18	70	20
21827	9	70	9
21830	9	70	41
21843	17	70	151
21861	52	70	9
21862	52	70	9
21863	52	70	37
21866	52	70	14
21876	36	70	151
21878	5	70	104
21892	59	70	104
21906	25	70	37
21910	25	70	145
21937	34	70	37
21946	77	70	151
21963	37	70	37
21984	50	70	129
22004	68	70	37
22024	0	70	37
22030	7	70	9
22033	7	70	129
22047	10	70	37
22077	21	70	104
22081	21	70	151
22087	46	70	129
22111	79	70	37
22156	51	70	37
22161	51	70	151
22174	29	70	104
22175	29	70	37
22180	30	70	104
22189	30	70	3
22192	45	70	37
22224	38	70	145
22238	43	70	104
22241	43	70	129
22264	13	70	104
22269	13	70	37
22284	23	70	37
22304	65	41	9
22307	65	41	37
22317	16	41	9
22318	16	41	9
22320	16	41	129
22325	78	41	37
22345	26	41	37
22346	26	41	37
22373	61	41	37
22379	61	41	151
22385	14	41	35
22389	14	41	129
22393	14	41	151
22402	66	41	37
22419	33	41	151
22423	2	41	37
22432	73	41	104
22440	73	41	151
22510	27	41	21
22513	71	41	104
22539	49	41	104
22553	32	41	9
22564	76	41	9
22568	76	41	151
22569	76	41	151
22577	22	41	9
22600	19	41	151
22605	18	41	35
22607	18	41	9
22608	18	41	9
22614	18	41	151
22618	9	41	9
22623	9	41	37
22628	17	41	104
22630	17	41	9
22640	15	41	104
22645	15	41	37
22667	36	41	9
22680	5	41	35
22688	5	41	43
22692	59	41	104
22705	25	41	104
22728	48	41	43
22757	56	41	151
22765	37	41	37
22789	53	41	104
22792	53	41	9
22799	53	41	151
22809	68	41	151
22810	68	41	151
22829	0	41	129
22834	7	41	131
22854	10	41	37
22867	70	41	9
22872	70	41	151
22875	47	41	129
22881	47	41	29
22887	64	41	104
22889	64	41	129
22907	21	41	151
22911	12	41	37
22916	46	41	129
22921	44	41	104
22922	44	41	104
22950	42	41	151
22964	60	41	129
22976	6	41	129
22986	24	41	129
22998	51	41	129
23013	11	41	151
23036	45	41	104
23055	20	41	37
23056	20	41	37
23083	69	41	151
23096	43	41	43
23113	13	41	129
23121	1	41	37
23124	1	41	151
23128	23	41	104
23156	65	21	9
23163	65	21	92
23168	16	21	9
23174	16	21	151
23181	78	21	37
23188	75	21	9
23193	26	21	37
23229	61	21	104
23234	61	21	37
23253	14	21	151
23272	33	21	37
23288	2	21	37
23289	2	21	37
23319	41	21	9
23320	41	21	9
23321	41	21	9
23336	4	21	37
23358	40	21	104
23382	8	21	9
23388	8	21	151
23393	27	21	37
23401	71	21	9
23414	72	21	35
23415	72	21	104
23433	32	21	35
23448	76	21	35
23450	76	21	37
23451	76	21	37
23461	22	21	10
23467	22	21	151
23477	19	21	35
23481	19	21	9
23487	18	21	35
23518	17	21	104
23519	17	21	104
23522	17	21	9
23524	17	21	151
23525	17	21	151
23551	52	21	37
23613	48	21	9
23629	34	21	14
23653	56	21	37
23661	37	21	131
23665	37	21	9
23687	50	21	10
23693	50	21	145
23710	68	21	104
23715	68	21	37
23716	68	21	10
23722	67	21	104
23730	67	21	151
23747	7	21	37
23766	70	21	9
23776	70	21	151
23788	64	21	9
23789	64	21	9
23793	64	21	37
23797	64	21	21
23803	57	21	37
23824	44	21	37
23826	44	21	124
23839	42	21	104
23844	42	21	37
23852	42	21	145
23857	79	21	10
23860	79	21	151
23878	6	21	104
23879	6	21	9
23890	24	21	37
23906	51	21	151
23929	30	21	104
23945	45	21	37
23991	43	21	104
23997	43	21	151
24039	3	21	151
24047	62	27	9
24050	62	27	37
24051	62	27	37
24056	62	27	151
24067	65	27	144
24077	16	27	9
24085	16	27	151
24129	54	27	151
24152	61	27	9
24156	61	27	37
24161	61	27	151
24167	14	27	9
24186	66	27	37
24188	66	27	144
24202	33	27	37
24214	2	27	37
24222	73	27	35
24223	73	27	9
24233	39	27	104
24244	41	27	9
24247	41	27	37
24260	4	27	9
24293	74	27	129
24299	74	27	151
24300	74	27	151
24338	72	27	44
24349	49	27	37
24358	32	27	9
24371	76	27	129
24385	22	27	9
24390	22	27	129
24397	35	27	9
24400	35	27	37
24401	35	27	37
24407	35	27	21
24414	19	27	9
24424	18	27	9
24436	9	27	35
24452	17	27	129
24474	52	27	37
24483	52	27	3
24491	36	27	9
24502	5	27	9
24509	5	27	151
24513	59	27	35
24514	59	27	9
24522	25	27	104
24560	34	27	37
24576	56	27	9
24580	56	27	37
24581	56	27	37
24609	80	27	37
24615	50	27	104
24628	53	27	104
24631	53	27	9
24632	53	27	9
24652	68	27	14
24676	0	27	145
24683	7	27	9
24711	70	27	129
24725	47	27	37
24734	64	27	129
24735	64	27	129
24748	57	27	9
24755	21	27	104
24798	31	27	104
24802	31	27	37
24803	31	27	10
24841	60	27	9
24854	6	27	9
24873	51	27	104
24889	51	27	151
24900	11	27	20
24904	29	27	37
24905	29	27	37
24915	30	27	37
24916	30	27	37
24917	30	27	37
24950	20	27	104
24981	43	27	129
24990	43	27	21
24999	63	27	129
25005	63	27	20
25010	13	27	35
25041	3	27	41
25046	62	66	35
25067	78	66	35
25074	75	66	9
25088	54	66	35
25090	54	66	129
25094	58	66	129
25095	58	66	129
25098	58	66	151
25106	61	66	37
25118	33	66	9
25120	33	66	129
25136	39	66	35
25143	41	66	129
25149	4	66	37
25157	55	66	129
25169	74	66	129
25175	8	66	9
25188	71	66	37
25189	71	66	37
25199	72	66	151
25200	72	66	151
25201	72	66	44
25206	49	66	129
25223	76	66	151
25224	22	66	35
25230	35	66	104
25232	35	66	37
25235	19	66	9
25236	19	66	9
25243	18	66	129
25246	18	66	151
25254	17	66	9
25255	17	66	9
25259	17	66	129
25260	17	66	129
25264	17	66	29
25267	15	66	9
25271	15	66	37
25272	15	66	37
25287	36	66	35
25291	5	66	35
25292	5	66	35
25303	59	66	35
25304	59	66	104
25320	48	66	35
25322	48	66	144
25334	77	66	104
25339	56	66	35
25340	56	66	35
25341	56	66	104
25352	80	66	104
25373	68	66	129
25375	67	66	104
25378	67	66	129
25389	7	66	9
25396	10	66	9
25397	10	66	9
25404	70	66	151
25408	47	66	129
25412	64	66	9
25418	57	66	129
25422	21	66	9
25435	46	66	9
25450	42	66	35
25462	79	66	129
25464	79	66	151
25472	60	66	129
25477	60	66	151
25487	24	66	104
25518	45	66	104
25536	20	66	37
25541	38	66	129
25550	43	66	129
25555	43	66	151
25564	63	66	151
25570	13	66	129
25581	23	66	151
25623	65	3	29
25661	75	3	9
25673	26	3	104
25680	26	3	37
25736	61	3	151
25747	14	3	9
25753	14	3	144
25757	14	3	44
25769	66	3	14
25773	33	3	104
25789	2	3	104
25813	73	3	3
25822	39	3	9
25826	39	3	37
25841	41	3	10
25915	8	3	10
25927	27	3	9
25930	27	3	37
25946	71	3	37
25953	71	3	29
25969	49	3	35
25983	32	3	35
25992	32	3	37
26001	76	3	35
26010	76	3	151
26021	22	3	9
26022	22	3	9
26056	19	3	37
26064	18	3	9
26065	18	3	9
26073	18	3	37
26086	9	3	104
26090	9	3	10
26097	17	3	104
26113	15	3	9
26119	15	3	37
26143	36	3	9
26154	36	3	43
26173	5	3	151
26185	59	3	10
26195	25	3	35
26210	48	3	37
26217	48	3	21
26218	48	3	151
26220	48	3	29
26225	34	3	35
26243	77	3	144
26248	77	3	44
26278	37	3	151
26293	80	3	151
26307	50	3	129
26317	53	3	35
26318	53	3	104
26319	53	3	9
26325	53	3	129
26329	53	3	41
26356	67	3	151
26377	7	3	35
26385	7	3	151
26393	10	3	9
26408	70	3	9
26411	70	3	129
26417	70	3	151
26430	47	3	124
26444	64	3	20
26471	21	3	129
26512	44	3	104
26527	31	3	104
26549	42	3	14
26552	42	3	43
26558	79	3	35
26568	79	3	151
26580	60	3	9
26582	60	3	129
26588	60	3	151
26593	6	3	129
26594	6	3	129
26596	6	3	37
26612	24	3	9
26619	24	3	151
26629	51	3	129
26637	51	3	92
26653	11	3	92
26659	29	3	9
26660	29	3	9
26666	29	3	151
26700	28	3	9
26740	38	3	151
26776	63	3	9
26793	13	3	9
26839	62	2	104
26849	62	2	44
26857	65	2	9
26861	65	2	151
26865	16	2	104
26887	78	2	151
26891	75	2	37
26931	61	2	37
26932	61	2	37
26947	14	2	129
26960	66	2	37
26974	33	2	92
26981	73	2	151
26995	41	2	9
27042	8	2	9
27045	8	2	41
27077	72	2	151
27079	49	2	104
27081	49	2	129
27095	76	2	104
27098	76	2	9
27102	76	2	21
27103	76	2	14
27104	76	2	43
27107	22	2	9
27119	35	2	37
27125	19	2	37
27136	18	2	129
27148	9	2	129
27151	17	2	129
27174	52	2	9
27183	36	2	35
27184	36	2	35
27185	36	2	9
27186	36	2	9
27201	5	2	41
27205	59	2	9
27224	48	2	129
27234	34	2	129
27241	34	2	151
27254	56	2	9
27259	56	2	151
27266	37	2	9
27267	37	2	129
27268	37	2	37
27273	37	2	151
27278	80	2	35
27283	80	2	9
27286	80	2	151
27291	50	2	9
27295	53	2	104
27303	68	2	104
27309	68	2	129
27340	7	2	129
27342	7	2	41
27347	10	2	104
27353	10	2	129
27372	64	2	35
27373	64	2	9
27395	21	2	129
27412	44	2	104
27413	44	2	9
27430	42	2	9
27441	79	2	104
27447	79	2	151
27454	60	2	129
27458	60	2	10
27466	60	2	145
27473	6	2	129
27479	24	2	129
27496	51	2	151
27497	51	2	151
27510	11	2	43
27520	30	2	129
27523	30	2	37
27528	30	2	151
27529	30	2	3
27552	20	2	37
27568	69	2	129
27580	43	2	9
27588	43	2	41
27614	13	2	151
27618	1	2	37
27626	23	2	129
27630	23	2	151
27633	3	2	129
27647	62	10	43
27650	65	10	9
27652	65	10	129
27656	16	10	9
27661	16	10	151
27666	78	10	9
27667	78	10	9
27674	78	10	3
27678	75	10	9
27680	75	10	129
27681	75	10	129
27692	54	10	104
27699	54	10	151
27732	66	10	129
27733	66	10	129
27745	33	10	9
27746	33	10	9
27758	2	10	151
27769	39	10	129
27777	41	10	129
27785	4	10	9
27786	4	10	9
27789	4	10	37
27796	55	10	35
27797	55	10	35
27804	55	10	151
27808	40	10	37
27836	27	10	129
27852	72	10	9
27853	72	10	9
27866	49	10	151
27872	32	10	44
27874	76	10	104
27875	76	10	104
27878	76	10	9
27880	76	10	129
27886	22	10	9
27890	22	10	129
27901	35	10	151
27916	9	10	104
27919	9	10	37
27945	52	10	35
27946	52	10	104
27947	52	10	131
27952	52	10	151
27957	36	10	9
27963	5	10	9
27964	5	10	9
27966	5	10	129
27987	25	10	44
27989	48	10	35
27991	48	10	9
28007	34	10	129
28008	34	10	129
28009	34	10	37
28016	77	10	9
28028	56	10	124
28032	37	10	9
28037	80	10	37
28048	53	10	129
28049	53	10	129
28050	53	10	129
28054	68	10	104
28057	68	10	129
28066	67	10	9
28067	67	10	129
28071	0	10	104
28072	0	10	9
28074	0	10	129
28080	7	10	129
28085	70	10	9
28087	70	10	129
28088	70	10	129
28093	64	10	35
28099	64	10	151
28100	57	10	35
28108	21	10	104
28110	21	10	129
28114	12	10	104
28116	12	10	151
28126	46	10	151
28136	31	10	37
28145	42	10	129
28161	60	10	35
28173	6	10	104
28174	6	10	104
28180	24	10	104
28193	51	10	129
28198	51	10	29
28200	11	10	35
28204	11	10	129
28212	29	10	129
28224	45	10	104
28235	20	10	37
28240	20	10	14
28262	43	10	129
28266	63	10	104
28267	63	10	9
28269	63	10	129
28275	13	10	129
28278	13	10	151
28280	13	10	92
28295	3	10	129
28296	3	10	129
28313	62	40	151
28316	62	40	29
28322	65	40	129
28337	16	40	129
28357	78	40	129
28368	75	40	35
28369	75	40	35
28370	75	40	35
28413	54	40	124
28432	61	40	35
28463	66	40	35
28472	66	40	151
28480	33	40	131
28499	2	40	129
28500	2	40	37
28565	4	40	37
28570	4	40	43
28581	55	40	129
28600	74	40	151
28607	8	40	104
28653	72	40	35
28692	32	40	129
28693	32	40	129
28722	22	40	129
28729	22	40	151
28741	35	40	37
28756	19	40	151
28765	18	40	129
28776	9	40	9
28777	9	40	9
28779	9	40	129
28805	15	40	9
28832	52	40	21
28834	52	40	124
28841	36	40	129
28842	36	40	37
28868	59	40	104
28882	25	40	9
28899	48	40	9
28901	48	40	129
28908	48	40	151
28909	48	40	29
28913	34	40	9
28930	77	40	9
28931	77	40	129
28932	77	40	129
28938	77	40	151
28949	56	40	41
28953	56	40	92
28956	37	40	131
28982	80	40	129
28992	50	40	104
29043	67	40	104
29044	67	40	104
29057	67	40	151
29062	0	40	9
29063	0	40	9
29079	7	40	9
29102	10	40	37
29127	47	40	104
29165	57	40	9
29171	57	40	129
29173	57	40	44
29178	21	40	35
29182	21	40	129
29188	21	40	151
29208	46	40	9
29233	44	40	151
29260	42	40	129
29261	42	40	129
29287	60	40	9
29306	6	40	9
29307	6	40	9
29355	11	40	129
29356	11	40	37
29381	30	40	37
29396	45	40	10
29406	28	40	104
29409	28	40	129
29411	28	40	37
29412	28	40	37
29418	28	40	21
29432	20	40	151
29454	69	40	129
29492	13	40	129
29507	1	40	129
29511	1	40	21
29530	3	40	35
29531	3	40	104
29538	3	40	41
29563	65	53	37
29564	65	53	37
29609	54	53	104
29638	14	53	129
29657	33	53	9
29661	33	53	3
29668	2	53	37
29672	2	53	151
29679	73	53	37
29705	4	53	37
29728	74	53	37
29745	27	53	151
29764	72	53	9
29770	72	53	124
29811	22	53	151
29816	35	53	104
29822	35	53	151
29834	18	53	37
29841	9	53	9
29863	15	53	37
29876	52	53	9
29882	52	53	124
29885	36	53	9
29889	36	53	10
29896	5	53	104
29898	5	53	9
29905	5	53	151
29906	5	53	151
29912	59	53	151
29932	48	53	37
29934	48	53	151
29961	56	53	37
29972	80	53	104
30007	67	53	14
30019	7	53	129
30038	70	53	104
30048	47	53	37
30064	64	53	151
30065	57	53	104
30125	60	53	129
30126	60	53	129
30127	60	53	129
30149	24	53	37
30162	51	53	129
30163	51	53	129
30167	51	53	37
30177	11	53	37
30191	29	53	37
30198	30	53	37
30233	20	53	37
30234	20	53	37
30261	43	53	151
30265	63	53	129
30287	23	53	129
30290	3	53	37
30301	65	11	35
30317	16	11	129
30334	75	11	104
30335	75	11	9
30336	75	11	151
30337	26	11	104
30341	54	11	104
30342	54	11	104
30355	58	11	104
30375	14	11	9
30377	14	11	129
30382	14	11	151
30388	66	11	144
30396	33	11	151
30411	73	11	129
30416	39	11	129
30421	41	11	9
30427	4	11	9
30474	27	11	129
30478	27	11	151
30488	71	11	37
30489	71	11	37
30507	49	11	151
30513	32	11	9
30516	32	11	37
30528	76	11	29
30529	22	11	35
30538	22	11	151
30539	35	11	35
30541	35	11	9
30542	35	11	37
30555	18	11	35
30564	9	11	9
30567	9	11	37
30569	9	11	44
30587	15	11	151
30594	52	11	129
30596	52	11	151
30610	5	11	151
30613	59	11	9
30619	59	11	43
30655	37	11	9
30660	80	11	37
30667	50	11	129
30671	50	11	151
30679	68	11	129
30680	68	11	44
30690	0	11	151
30702	10	11	35
30705	10	11	9
30712	70	11	129
30719	47	11	104
30736	57	11	44
30737	21	11	104
30742	21	11	43
30745	12	11	37
30753	46	11	129
30781	79	11	9
30783	79	11	129
30799	6	11	35
30800	6	11	104
30813	51	11	129
30816	51	11	151
30842	20	11	151
30845	38	11	129
30848	38	11	151
30862	43	11	129
30865	63	11	104
30872	13	11	35
30883	23	11	104
30885	23	11	129
30891	3	11	104
30894	3	11	151
30905	62	50	151
30906	62	50	151
30907	62	50	151
30909	62	50	43
30910	62	50	29
30913	65	50	35
30933	16	50	151
30940	78	50	35
30946	78	50	37
30960	75	50	37
30987	58	50	9
30988	58	50	9
31002	61	50	37
31013	14	50	9
31029	66	50	37
31037	33	50	35
31038	33	50	104
31043	33	50	9
31044	33	50	9
31055	2	50	37
31079	39	50	35
31098	41	50	37
31140	74	50	37
31155	27	50	35
31169	71	50	104
31200	49	50	9
31233	76	50	151
31239	22	50	41
31256	19	50	37
31270	18	50	14
31284	17	50	131
31308	15	50	37
31322	52	50	9
31327	52	50	10
31337	36	50	37
31343	5	50	131
31351	5	50	151
31365	59	50	37
31400	34	50	9
31408	34	50	151
31411	77	50	129
31419	56	50	104
31420	56	50	104
31422	56	50	9
31430	37	50	9
31444	80	50	37
31456	53	50	9
31460	53	50	151
31479	67	50	37
31493	0	50	9
31499	0	50	151
31521	10	50	9
31527	10	50	151
31542	47	50	104
31545	47	50	37
31551	47	50	29
31571	21	50	35
31639	79	50	151
31664	6	50	20
31670	24	50	9
31674	24	50	37
31683	51	50	9
31709	29	50	37
31724	30	50	151
31729	45	50	37
31737	28	50	9
31741	28	50	37
31758	20	50	151
31771	69	50	37
31780	43	50	9
31781	43	50	129
31793	63	50	104
31795	63	50	9
31796	63	50	9
31803	13	50	9
31817	1	50	37
31836	62	22	20
31866	75	22	9
31877	26	22	37
31878	26	22	37
31881	26	22	151
31927	66	22	37
31993	55	22	37
31994	55	22	10
32029	71	22	9
32045	72	22	37
32107	18	22	9
32109	18	22	37
32110	18	22	37
32117	9	22	104
32122	9	22	9
32137	17	22	151
32149	15	22	151
32156	52	22	9
32161	52	22	37
32176	5	22	9
32182	5	22	151
32189	59	22	9
32198	59	22	3
32220	48	22	37
32228	34	22	37
32229	34	22	37
32240	56	22	37
32241	56	22	37
32252	37	22	35
32256	37	22	9
32265	80	22	37
32267	80	22	151
32308	0	22	37
32326	10	22	37
32332	70	22	129
32349	64	22	9
32352	64	22	129
32378	46	22	129
32383	46	22	29
32386	44	22	129
32405	42	22	37
32406	42	22	37
32407	42	22	37
32416	79	22	37
32466	29	22	151
32483	28	22	37
32503	20	22	151
32551	1	22	145
32569	62	15	37
32575	65	15	9
32581	16	15	35
32583	16	15	41
32593	78	15	9
32597	75	15	35
32607	26	15	129
32608	26	15	37
32612	54	15	129
32631	61	15	37
32642	14	15	129
32643	14	15	129
32657	33	15	35
32664	33	15	151
32677	73	15	151
32679	39	15	129
32687	41	15	129
32692	4	15	9
32695	4	15	37
32696	4	15	37
32719	40	15	151
32723	74	15	129
32737	27	15	129
32747	71	15	104
32759	72	15	9
32765	49	15	104
32767	49	15	129
32779	76	15	151
32797	18	15	9
32800	18	15	129
32808	9	15	151
32809	9	15	151
32810	17	15	104
32820	52	15	129
32828	36	15	35
32830	36	15	9
32835	5	15	35
32851	48	15	35
32855	48	15	129
32856	48	15	129
32861	34	15	129
32862	34	15	129
32863	34	15	129
32871	34	15	151
32872	34	15	151
32880	56	15	129
32888	37	15	37
32898	80	15	37
32906	53	15	129
32917	68	15	151
32928	0	15	129
32933	7	15	14
32945	70	15	151
32951	47	15	129
32963	57	15	129
32971	21	15	129
32977	12	15	151
32978	12	15	44
32990	44	15	151
33010	79	15	151
33011	60	15	104
33027	6	15	151
33031	24	15	129
33032	24	15	129
33065	29	15	151
33068	30	15	104
33073	30	15	129
33087	28	15	37
33100	38	15	129
33104	69	15	129
33118	63	15	129
33122	13	15	104
33125	13	15	129
33136	23	15	129
33137	3	15	104
33145	62	60	37
33149	65	60	9
33150	65	60	9
33152	65	60	37
33157	16	60	37
33158	16	60	151
33162	78	60	9
33165	78	60	37
33167	78	60	151
33172	75	60	9
33173	75	60	37
33175	75	60	43
33177	26	60	37
33183	54	60	9
33206	66	60	151
33210	33	60	9
33240	74	60	104
33243	74	60	37
33246	74	60	151
33249	8	60	9
33253	8	60	44
33269	72	60	104
33270	72	60	104
33272	72	60	37
33279	49	60	37
33286	32	60	37
33290	76	60	129
33299	22	60	129
33305	35	60	35
33308	35	60	37
33310	19	60	9
33313	18	60	35
33314	18	60	35
33315	18	60	9
33316	18	60	9
33324	9	60	35
33326	9	60	37
33327	9	60	144
33335	17	60	9
33337	17	60	129
33353	36	60	104
33361	5	60	9
33362	5	60	9
33363	5	60	37
33377	48	60	9
33384	48	60	151
33392	34	60	151
33396	77	60	129
33401	56	60	37
33426	53	60	9
33434	67	60	9
33439	0	60	104
33451	10	60	9
33453	10	60	37
33454	10	60	144
33462	47	60	37
33465	64	60	9
33466	64	60	9
33467	64	60	9
33477	21	60	9
33482	46	60	9
33483	46	60	9
33486	46	60	129
33487	46	60	129
33498	42	60	9
33500	42	60	37
33514	79	60	21
33516	6	60	35
33526	51	60	37
33534	11	60	9
33541	29	60	29
33543	30	60	104
33566	20	60	37
33576	43	60	129
33591	13	60	37
33594	13	60	151
33604	3	60	37
33628	65	6	9
33636	16	6	9
33639	16	6	129
33648	78	6	37
33649	78	6	37
33650	78	6	144
33673	26	6	37
33674	26	6	151
33683	54	6	37
33686	54	6	151
33700	58	6	151
33716	14	6	129
33730	66	6	9
33766	73	6	9
33774	39	6	37
33780	41	6	104
33798	4	6	37
33810	55	6	104
33830	74	6	151
33831	74	6	43
33847	27	6	44
33879	49	6	151
33887	32	6	9
33889	32	6	37
33891	32	6	41
33901	76	6	9
33906	76	6	151
33907	76	6	151
33913	22	6	9
33914	22	6	9
33950	18	6	151
33957	9	6	9
33961	9	6	41
33979	15	6	104
33988	15	6	3
33989	15	6	124
33996	52	6	37
34011	36	6	9
34017	36	6	151
34036	59	6	104
34064	48	6	151
34070	34	6	37
34071	34	6	37
34086	77	6	151
34091	56	6	104
34098	56	6	37
34108	37	6	37
34126	50	6	129
34131	50	6	44
34142	53	6	151
34170	0	6	151
34175	7	6	35
34214	47	6	37
34221	64	6	35
34236	57	6	35
34237	57	6	104
34267	46	6	129
34293	42	6	37
34300	79	6	104
34309	60	6	104
34341	51	6	9
34343	51	6	10
34353	11	6	37
34361	29	6	104
34363	29	6	37
34386	28	6	144
34428	43	6	104
34435	43	6	151
34436	43	6	151
34493	16	61	144
34503	75	61	9
34504	75	61	9
34509	75	61	44
34515	54	61	129
34522	58	61	129
34540	33	61	9
34556	39	61	104
34558	39	61	129
34570	4	61	35
34571	4	61	9
34572	4	61	9
34577	55	61	104
34592	40	61	151
34604	8	61	41
34609	27	61	129
34616	71	61	35
34624	72	61	104
34626	72	61	21
34635	32	61	9
34643	76	61	104
34645	76	61	9
34646	76	61	9
34651	76	61	151
34654	22	61	9
34655	22	61	9
34660	35	61	37
34666	19	61	9
34667	19	61	9
34672	18	61	35
34693	17	61	104
34694	17	61	9
34695	17	61	9
34696	17	61	129
34697	17	61	129
34707	52	61	35
34714	52	61	151
34723	5	61	129
34726	5	61	43
34728	59	61	104
34730	59	61	129
34768	56	61	9
34776	37	61	9
34779	37	61	129
34780	37	61	37
34781	37	61	41
34786	50	61	104
34793	53	61	104
34794	53	61	131
34796	53	61	9
34812	67	61	151
34816	0	61	129
34817	0	61	129
34823	7	61	104
34841	70	61	129
34849	47	61	129
34857	64	61	41
34871	21	61	151
34875	12	61	151
34885	44	61	104
34887	44	61	9
34889	44	61	129
34890	44	61	129
34910	79	61	9
34914	79	61	151
34929	60	61	21
34941	24	61	104
34960	11	61	129
34970	29	61	151
34972	30	61	9
34974	30	61	37
34991	20	61	144
35000	69	61	129
35001	69	61	129
35018	63	61	129
35019	63	61	129
35020	63	61	129
35030	13	61	129
35058	62	38	151
35062	62	38	92
35063	62	38	29
35065	65	38	104
35080	16	38	35
35086	16	38	9
35096	78	38	35
35097	78	38	104
35100	78	38	9
35106	78	38	21
35118	75	38	151
35119	75	38	151
35134	26	38	151
35135	26	38	43
35142	54	38	9
35149	54	38	21
35150	54	38	151
35157	58	38	9
35204	66	38	37
35246	73	38	35
35252	73	38	37
35253	73	38	37
35257	73	38	151
35264	39	38	37
35274	41	38	104
35280	41	38	37
35305	55	38	9
35320	55	38	124
35328	40	38	151
35365	27	38	151
35383	71	38	151
35401	49	38	9
35405	49	38	10
35414	32	38	9
35417	32	38	37
35440	76	38	151
35448	22	38	9
35461	35	38	104
35473	19	38	35
35489	18	38	35
35490	18	38	104
35493	18	38	9
35499	18	38	37
35522	17	38	131
35540	15	38	35
35541	15	38	9
35575	36	38	151
35590	59	38	104
35601	59	38	92
35602	59	38	92
35617	25	38	92
35632	48	38	151
35633	48	38	151
35641	34	38	35
35644	34	38	9
35686	37	38	131
35710	80	38	151
35716	50	38	35
35733	53	38	9
35734	53	38	9
35771	67	38	44
35773	67	38	92
35774	67	38	124
35778	0	38	104
35780	0	38	9
35794	7	38	9
35798	7	38	37
35806	7	38	124
35815	10	38	37
35816	10	38	21
35817	10	38	151
35831	70	38	37
35843	47	38	37
35853	64	38	104
35866	64	38	151
35887	21	38	104
35895	21	38	151
35906	12	38	37
35910	12	38	151
35917	46	38	9
35924	46	38	37
35940	44	38	129
35961	42	38	104
35966	42	38	37
35967	42	38	37
35987	79	38	151
35994	60	38	131
36010	6	38	131
36012	6	38	9
36022	6	38	92
36045	51	38	37
36050	51	38	92
36054	11	38	35
36083	30	38	104
36090	30	38	151
36091	30	38	151
36096	45	38	35
36097	45	38	104
36098	45	38	9
36121	20	38	35
36125	20	38	9
36141	69	38	9
36150	69	38	151
36151	69	38	151
36164	63	38	35
36169	63	38	9
36172	63	38	37
36189	13	38	151
36227	62	12	10
36233	62	12	151
36238	65	12	35
36246	65	12	129
36252	65	12	44
36287	75	12	35
36302	26	12	35
36304	26	12	129
36330	54	12	151
36335	58	12	9
36371	14	12	104
36375	14	12	10
36379	14	12	43
36385	66	12	104
36393	66	12	144
36395	66	12	151
36418	2	12	104
36438	73	12	9
36439	73	12	9
36453	39	12	35
36457	39	12	9
36459	39	12	129
36461	39	12	151
36462	39	12	151
36464	41	12	104
36466	41	12	9
36471	41	12	129
36483	4	12	9
36490	4	12	43
36497	55	12	9
36520	74	12	9
36534	8	12	9
36538	8	12	10
36543	27	12	35
36546	27	12	9
36570	71	12	151
36582	72	12	9
36590	49	12	104
36593	49	12	9
36596	49	12	129
36607	32	12	104
36614	32	12	151
36615	32	12	20
36641	22	12	129
36649	22	12	151
36653	35	12	104
36657	35	12	37
36668	19	12	35
36670	19	12	9
36671	19	12	9
36687	18	12	9
36691	18	12	129
36703	9	12	9
36717	17	12	37
36729	15	12	104
36732	15	12	9
36738	15	12	10
36742	15	12	43
36750	52	12	104
36754	52	12	129
36762	36	12	35
36768	36	12	129
36769	36	12	129
36795	59	12	9
36825	48	12	9
36834	48	12	151
36847	34	12	37
36877	56	12	9
36883	56	12	151
36895	37	12	9
36897	37	12	37
36912	80	12	41
36919	50	12	35
36935	53	12	35
36941	53	12	151
36947	68	12	104
36949	68	12	9
36950	68	12	129
36958	68	12	151
36959	68	12	151
36989	0	12	129
37000	7	12	129
37002	7	12	10
37006	7	12	14
37025	70	12	131
37031	70	12	10
37059	64	12	35
37068	64	12	37
37087	57	12	124
37102	21	12	41
37122	46	12	151
37124	44	12	35
37128	44	12	9
37135	44	12	41
37223	24	12	104
37228	24	12	9
37229	24	12	129
37260	11	12	129
37265	11	12	151
37266	11	12	44
37267	11	12	43
37293	30	12	151
37309	28	12	9
37316	28	12	151
37317	28	12	3
37330	20	12	21
37332	38	12	9
37359	43	12	104
37362	43	12	9
37373	63	12	35
37378	63	12	37
37385	13	12	104
37393	13	12	10
37399	13	12	151
37408	1	12	151
37434	62	20	35
37435	62	20	9
37439	62	20	129
37440	62	20	37
37445	65	20	9
37449	65	20	129
37454	16	20	9
37455	16	20	9
37463	78	20	9
37467	75	20	35
37469	75	20	9
37480	26	20	151
37481	54	20	104
37484	54	20	129
37501	61	20	129
37534	66	20	43
37547	73	20	35
37549	73	20	9
37565	41	20	9
37572	4	20	9
37585	55	20	129
37603	74	20	151
37604	74	20	151
37605	74	20	92
37632	72	20	151
37633	72	20	151
37635	49	20	104
37636	49	20	104
37637	49	20	9
37649	76	20	129
37653	22	20	129
37659	35	20	44
37664	18	20	104
37669	9	20	9
37676	17	20	35
37677	17	20	104
37678	17	20	9
37683	17	20	151
37695	15	20	151
37702	52	20	151
37718	5	20	44
37720	59	20	35
37726	59	20	151
37767	56	20	151
37770	37	20	9
37775	80	20	129
37779	80	20	151
37788	53	20	9
37789	53	20	9
37800	67	20	9
37803	67	20	129
37807	0	20	151
37808	0	20	151
37810	7	20	9
37811	7	20	9
37852	57	20	9
37859	57	20	151
37862	21	20	9
37866	21	20	151
37878	46	20	129
37879	46	20	129
37883	46	20	151
37884	46	20	44
37893	31	20	9
37909	42	20	151
37926	6	20	35
37927	6	20	129
37931	24	20	9
37948	51	20	129
37956	11	20	9
37997	69	20	129
37998	69	20	129
38011	43	20	151
38017	63	20	129
38021	13	20	104
38025	13	20	9
38026	13	20	129
38041	23	20	129
38065	65	56	37
38074	16	56	35
38091	78	56	37
38092	78	56	37
38149	14	56	10
38156	66	56	104
38158	66	56	37
38162	33	56	9
38163	33	56	9
38166	33	56	129
38209	4	56	37
38226	40	56	37
38231	74	56	104
38282	72	56	151
38290	49	56	37
38295	49	56	44
38299	32	56	104
38320	22	56	35
38335	19	56	9
38362	17	56	129
38367	17	56	151
38372	15	56	104
38383	15	56	151
38392	52	56	37
38414	5	56	9
38432	59	56	144
38442	25	56	37
38515	53	56	9
38525	68	56	104
38573	70	56	35
38587	47	56	129
38588	47	56	129
38589	47	56	129
38597	64	56	129
38598	64	56	129
38603	57	56	129
38604	57	56	10
38611	21	56	129
38620	46	56	104
38633	44	56	151
38677	6	56	44
38716	29	56	37
38759	20	56	37
38768	38	56	129
38784	43	56	129
38785	43	56	129
38786	43	56	129
38787	43	56	129
38798	63	56	129
38811	1	56	37
38812	1	56	151
38819	23	56	129
38865	78	76	37
38866	78	76	37
38868	78	76	44
38871	75	76	9
38883	54	76	151
38902	61	76	37
38926	33	76	9
38997	40	76	37
39033	71	76	10
39069	22	76	151
39072	35	76	104
39083	19	76	37
39104	9	76	9
39140	52	76	151
39141	52	76	151
39161	5	76	151
39191	48	76	37
39206	34	76	37
39221	56	76	37
39224	56	76	151
39254	50	76	129
39262	53	76	9
39285	67	76	37
39292	0	76	37
39293	0	76	37
39299	7	76	129
39312	10	76	14
39320	70	76	151
39340	57	76	104
39352	21	76	129
39369	31	76	104
39383	42	76	37
39386	42	76	21
39420	24	76	151
39426	51	76	37
39439	11	76	104
39446	11	76	20
39481	20	76	10
39500	69	76	37
39526	63	76	129
39542	1	76	144
39547	23	76	129
39548	23	76	129
39560	62	74	35
39561	62	74	9
39568	62	74	151
39582	16	74	129
39583	16	74	129
39597	26	74	35
39601	26	74	37
39602	26	74	37
39603	54	74	35
39623	61	74	9
39632	61	74	151
39633	61	74	151
39657	66	74	3
39671	2	74	9
39674	2	74	37
39677	2	74	151
39680	73	74	9
39681	73	74	9
39687	73	74	21
39691	39	74	37
39697	41	74	9
39706	4	74	9
39707	4	74	9
39717	55	74	104
39734	40	74	29
39737	8	74	9
39740	8	74	10
39745	27	74	35
39747	27	74	37
39756	71	74	35
39766	72	74	9
39775	49	74	37
39777	49	74	44
39780	32	74	35
39781	32	74	104
39786	32	74	151
39788	76	74	104
39791	76	74	151
39798	22	74	9
39806	35	74	151
39807	35	74	44
39811	18	74	151
39812	18	74	151
39823	17	74	129
39828	15	74	35
39829	15	74	9
39840	52	74	35
39857	5	74	9
39858	5	74	151
39859	5	74	151
39873	25	74	35
39874	25	74	104
39887	48	74	14
39906	77	74	151
39917	37	74	9
39922	37	74	151
39933	50	74	129
39959	67	74	41
39960	67	74	21
39961	67	74	151
39964	0	74	129
39967	0	74	151
39970	7	74	129
39985	10	74	151
39986	10	74	151
39989	70	74	104
39991	70	74	9
39997	70	74	151
40004	47	74	37
40012	64	74	129
40014	64	74	151
40021	57	74	129
40033	12	74	151
40034	12	74	151
40042	46	74	21
40046	44	74	151
40061	42	74	37
40130	29	74	151
40136	30	74	104
40140	30	74	37
40141	30	74	37
40145	45	74	104
40152	28	74	37
40155	28	74	151
40160	20	74	35
40189	43	74	29
40190	63	74	35
40191	63	74	104
40200	13	74	129
40210	23	74	104
40221	3	74	37
40251	16	14	35
40273	75	14	9
40283	54	14	37
40335	33	14	35
40366	39	14	9
40374	41	14	9
40385	4	14	37
40386	4	14	37
40412	40	14	41
40418	74	14	104
40445	71	14	35
40446	71	14	104
40455	71	14	14
40462	72	14	104
40468	72	14	37
40472	49	14	9
40475	49	14	37
40484	32	14	9
40533	19	14	37
40553	9	14	144
40566	17	14	129
40592	52	14	9
40596	52	14	37
40597	52	14	37
40605	36	14	104
40612	36	14	92
40613	5	14	35
40636	59	14	151
40649	25	14	151
40659	48	14	9
40693	56	14	9
40696	56	14	37
40697	56	14	37
40703	37	14	35
40704	37	14	104
40720	50	14	129
40721	50	14	129
40730	53	14	9
40732	53	14	37
40733	53	14	37
40754	67	14	35
40755	67	14	104
40774	0	14	151
40781	7	14	9
40786	7	14	151
40806	70	14	9
40814	70	14	124
40839	21	14	104
40849	46	14	14
40852	44	14	129
40853	44	14	129
40861	31	14	37
40878	42	14	151
40881	42	14	29
40885	79	14	37
40886	79	14	37
40934	51	14	124
40953	30	14	37
40954	30	14	37
40960	45	14	104
40990	69	14	37
41014	63	14	92
41025	13	14	37
41026	13	14	37
41072	65	47	37
41083	16	47	9
41089	16	47	151
41094	78	47	9
41110	75	47	9
41126	54	47	9
41137	58	47	35
41138	58	47	104
41167	14	47	35
41170	14	47	9
41184	66	47	37
41190	66	47	151
41224	73	47	9
41237	39	47	151
41240	41	47	35
41257	4	47	37
41264	4	47	151
41277	55	47	145
41290	74	47	145
41293	8	47	35
41297	8	47	37
41341	49	47	35
41343	49	47	9
41345	49	47	37
41348	49	47	151
41413	18	47	104
41415	18	47	9
41428	9	47	35
41436	9	47	151
41442	17	47	9
41473	52	47	124
41478	36	47	35
41486	36	47	151
41487	36	47	29
41491	5	47	35
41492	5	47	35
41494	5	47	144
41509	59	47	151
41519	25	47	151
41542	34	47	37
41550	34	47	124
41552	77	47	35
41560	56	47	37
41563	37	47	35
41564	37	47	104
41574	80	47	9
41575	80	47	9
41589	50	47	151
41596	53	47	104
41612	68	47	104
41629	67	47	9
41640	0	47	129
41658	10	47	104
41666	10	47	37
41674	70	47	104
41681	70	47	129
41701	57	47	129
41710	21	47	129
41711	21	47	37
41716	12	47	104
41737	44	47	129
41754	42	47	37
41758	42	47	20
41765	79	47	9
41788	6	47	35
41792	6	47	129
41794	6	47	151
41802	24	47	37
41803	24	47	144
41810	51	47	104
41814	51	47	37
41821	51	47	124
41825	11	47	9
41832	11	47	151
41843	30	47	35
41850	30	47	151
41857	45	47	37
41874	28	47	10
41882	20	47	9
41890	38	47	104
41895	69	47	104
41904	69	47	145
41906	43	47	35
41914	43	47	129
41921	43	47	43
41924	63	47	104
41929	63	47	9
41939	13	47	129
41951	1	47	37
41968	62	13	9
41986	16	13	35
41991	78	13	35
41992	78	13	9
41999	75	13	35
42002	75	13	129
42027	58	13	10
42035	61	13	9
42043	14	13	35
42044	14	13	104
42056	66	13	37
42065	33	13	37
42073	2	13	151
42074	2	13	151
42077	73	13	104
42079	73	13	9
42085	39	13	3
42086	41	13	104
42108	55	13	9
42125	74	13	151
42150	72	13	131
42166	32	13	37
42169	76	13	35
42171	76	13	37
42186	22	13	44
42192	35	13	37
42193	35	13	21
42196	19	13	9
42203	18	13	35
42212	9	13	35
42218	9	13	44
42221	17	13	35
42226	17	13	37
42259	5	13	9
42267	5	13	151
42272	59	13	37
42274	25	13	104
42280	25	13	92
42284	48	13	9
42298	34	13	37
42311	77	13	44
42318	56	13	151
42319	56	13	44
42320	56	13	44
42324	37	13	104
42327	37	13	37
42330	37	13	151
42367	67	13	37
42397	10	13	9
42426	64	13	151
42431	57	13	9
42434	57	13	129
42438	21	13	9
42442	21	13	129
42452	46	13	9
42462	46	13	44
42485	79	13	104
42486	79	13	131
42489	79	13	37
42505	60	13	29
42535	11	13	9
42536	11	13	9
42546	29	13	104
42549	29	13	37
42563	45	13	37
42570	28	13	37
42584	38	13	104
42588	38	13	129
42592	69	13	9
42607	43	13	151
42632	23	13	151
42636	3	13	151
42653	65	77	37
42654	65	77	37
42676	78	77	104
42687	78	77	151
42702	75	77	151
42708	26	77	37
42731	58	77	37
42732	58	77	37
42759	14	77	37
42760	14	77	41
42788	33	77	9
42795	33	77	151
42821	73	77	37
42824	73	77	44
42831	39	77	104
42836	39	77	151
42874	55	77	41
42894	74	77	151
42916	27	77	37
42947	72	77	9
42948	72	77	9
42949	72	77	9
42957	72	77	21
42963	49	77	35
42967	49	77	37
42968	49	77	37
42972	49	77	151
42975	32	77	35
42985	32	77	10
43001	76	77	151
43019	22	77	151
43020	22	77	151
43022	35	77	9
43035	19	77	9
43044	19	77	151
43046	19	77	3
43063	9	77	104
43080	17	77	35
43109	52	77	9
43119	52	77	151
43139	5	77	9
43140	5	77	10
43173	25	77	151
43182	48	77	37
43196	34	77	9
43213	56	77	9
43217	56	77	37
43228	37	77	35
43233	37	77	37
43247	80	77	37
43290	67	77	35
43291	67	77	35
43305	0	77	35
43313	0	77	37
43342	10	77	151
43365	47	77	9
43367	47	77	37
43399	57	77	44
43413	12	77	35
43433	44	77	104
43435	44	77	9
43442	31	77	104
43445	31	77	9
43446	31	77	9
43450	31	77	37
43453	31	77	151
43459	42	77	104
43461	42	77	9
43462	42	77	37
43463	42	77	37
43466	42	77	151
43467	42	77	20
43475	79	77	9
43479	79	77	37
43480	79	77	37
43495	60	77	37
43506	6	77	9
43507	6	77	9
43510	6	77	37
43528	51	77	9
43532	51	77	37
43549	11	77	37
43552	11	77	151
43563	29	77	37
43589	28	77	35
43595	28	77	151
43600	20	77	104
43615	38	77	104
43622	69	77	9
43625	69	77	37
43632	69	77	151
43635	69	77	29
43636	69	77	29
43650	63	77	104
43659	63	77	44
43666	13	77	35
43673	13	77	41
43675	1	77	131
43682	23	77	104
43683	23	77	104
43716	16	65	129
43734	75	65	35
43735	75	65	9
43743	26	65	104
43746	26	65	37
43747	26	65	37
43782	61	65	151
43787	14	65	129
43889	8	65	151
43891	27	65	104
43912	72	65	35
43916	72	65	9
43917	72	65	9
43918	72	65	9
43919	72	65	9
43934	49	65	145
43938	32	65	104
43946	32	65	151
43958	76	65	151
43988	18	65	21
43990	18	65	44
43995	9	65	104
43998	9	65	37
44015	15	65	104
44016	15	65	104
44029	52	65	9
44033	52	65	151
44047	5	65	131
44064	25	65	104
44091	77	65	104
44094	77	65	129
44113	37	65	37
44182	10	65	37
44189	70	65	104
44202	64	65	129
44222	46	65	129
44240	42	65	104
44273	6	65	129
44311	30	65	104
44318	30	65	3
44320	45	65	104
44359	69	65	37
44372	63	65	129
44377	13	65	104
44390	1	65	37
44403	62	58	9
44407	62	58	3
44409	65	58	9
44410	65	58	9
44416	65	58	151
44419	16	58	104
44428	16	58	151
44431	78	58	35
44444	75	58	9
44449	75	58	92
44456	26	58	37
44462	54	58	9
44465	54	58	41
44470	61	58	9
44471	61	58	9
44473	61	58	37
44486	14	58	3
44493	66	58	37
44500	33	58	9
44501	33	58	9
44502	33	58	9
44503	33	58	9
44514	2	58	37
44515	2	58	37
44516	2	58	151
44517	2	58	20
44523	39	58	104
44531	41	58	9
44532	41	58	9
44541	4	58	9
44549	55	58	35
44553	55	58	9
44556	55	58	37
44604	72	58	37
44605	72	58	37
44609	72	58	151
44620	76	58	35
44621	76	58	131
44622	76	58	9
44631	22	58	129
44632	22	58	129
44642	35	58	44
44650	19	58	37
44657	18	58	37
44661	9	58	9
44664	9	58	37
44669	17	58	35
44670	17	58	9
44676	17	58	151
44691	52	58	9
44696	52	58	29
44700	36	58	37
44710	5	58	151
44714	59	58	104
44717	59	58	9
44719	59	58	37
44720	59	58	37
44727	25	58	9
44741	48	58	37
44748	34	58	35
44761	56	58	9
44763	56	58	44
44777	50	58	9
44778	50	58	129
44786	53	58	35
44792	53	58	151
44793	53	58	151
44804	67	58	9
44814	0	58	129
44817	0	58	151
44821	7	58	9
44826	7	58	3
44830	10	58	104
44842	70	58	37
44843	70	58	144
44852	47	58	37
44861	57	58	9
44878	46	58	129
44889	31	58	37
44899	42	58	37
44900	42	58	41
44907	79	58	92
44909	60	58	35
44930	6	58	44
44950	51	58	151
44957	11	58	9
44958	11	58	9
44964	29	58	151
44969	30	58	151
44970	30	58	151
44974	45	58	37
44977	28	58	104
44980	28	58	9
44982	28	58	37
44993	20	58	37
45014	43	58	129
45020	63	58	129
45032	13	58	151
45045	62	55	21
45050	65	55	129
45057	16	55	151
45058	16	55	151
45059	16	55	151
45063	78	55	9
45064	78	55	37
45071	75	55	104
45102	14	55	104
45112	66	55	9
45121	33	55	37
45123	33	55	44
45139	39	55	37
45143	41	55	37
45189	71	55	151
45190	71	55	20
45191	71	55	44
45192	72	55	9
45201	72	55	151
45207	49	55	9
45208	49	55	9
45213	32	55	104
45233	22	55	151
45235	35	55	37
45242	19	55	29
45246	18	55	129
45250	18	55	21
45259	9	55	151
45260	9	55	151
45266	17	55	151
45270	15	55	37
45274	15	55	29
45276	52	55	35
45278	52	55	9
45281	52	55	37
45285	36	55	131
45287	36	55	9
45288	36	55	9
45298	5	55	37
45301	5	55	151
45302	59	55	35
45303	59	55	9
45306	59	55	129
45309	25	55	104
45314	48	55	104
45317	48	55	9
45329	77	55	104
45334	56	55	9
45343	56	55	151
45364	80	55	151
45374	53	55	9
45424	70	55	44
45451	12	55	151
45453	46	55	129
45457	44	55	9
45459	44	55	129
45460	44	55	129
45470	31	55	37
45471	31	55	151
45478	42	55	129
45485	42	55	151
45486	42	55	3
45490	79	55	129
45493	79	55	151
45500	60	55	129
45536	11	55	37
45549	30	55	9
45583	69	55	129
45584	69	55	37
45585	69	55	37
45599	63	55	9
45605	13	55	131
45614	1	55	37
45626	62	64	104
45639	65	64	35
45641	65	64	37
45654	16	64	144
45656	16	64	151
45668	78	64	37
45680	26	64	35
45685	26	64	29
45713	61	64	9
45716	61	64	37
45734	66	64	37
45742	33	64	151
45789	55	64	104
45798	40	64	37
45799	40	64	151
45800	40	64	151
45808	74	64	151
45819	27	64	37
45825	71	64	9
45827	71	64	37
45837	72	64	9
45847	72	64	43
45863	32	64	37
45866	32	64	151
45873	76	64	9
45874	76	64	9
45877	76	64	37
45884	22	64	9
45891	35	64	37
45893	35	64	151
45917	9	64	9
45926	17	64	104
45927	17	64	9
45932	17	64	151
45947	52	64	9
45956	52	64	151
45974	59	64	35
45975	59	64	35
45976	59	64	104
45977	59	64	131
45978	59	64	9
45983	59	64	29
45989	25	64	37
45990	25	64	37
45998	48	64	9
46014	34	64	10
46020	34	64	14
46024	77	64	104
46025	77	64	104
46033	56	64	35
46070	50	64	10
46071	50	64	44
46075	53	64	104
46086	68	64	37
46108	7	64	9
46138	47	64	37
46139	47	64	37
46143	57	64	129
46144	57	64	129
46166	44	64	104
46169	44	64	44
46190	79	64	37
46201	60	64	37
46210	6	64	9
46212	6	64	37
46215	24	64	104
46234	51	64	37
46253	29	64	104
46262	30	64	9
46276	28	64	37
46295	69	64	37
46319	13	64	37
46329	23	64	129
46330	23	64	37
46357	65	16	37
46377	75	16	151
46382	26	16	151
46401	58	16	10
46410	61	16	104
46419	14	16	37
46420	14	16	37
46431	66	16	37
46460	73	16	10
46468	39	16	44
46472	41	16	104
46499	55	16	151
46502	40	16	104
46517	8	16	129
46531	71	16	104
46532	71	16	104
46534	71	16	37
46553	49	16	104
46572	76	16	9
46574	76	16	129
46582	22	16	129
46589	22	16	3
46602	18	16	104
46607	18	16	37
46628	17	16	129
46643	15	16	37
46658	36	16	35
46659	36	16	35
46667	5	16	131
46670	5	16	9
46671	5	16	9
46678	59	16	9
46684	59	16	151
46685	59	16	151
46690	25	16	37
46691	25	16	10
46697	48	16	9
46703	48	16	43
46717	34	16	37
46720	34	16	21
46732	56	16	37
46749	80	16	104
46754	80	16	37
46761	50	16	37
46769	53	16	104
46802	0	16	37
46837	64	16	129
46844	57	16	37
46874	44	16	129
46876	31	16	104
46882	31	16	37
46883	31	16	37
46891	42	16	10
46912	6	16	104
46916	6	16	37
46957	29	16	37
47006	69	16	104
47007	69	16	37
47044	13	16	20
47046	13	16	145
47052	23	16	37
47073	62	39	14
47090	65	39	151
47091	65	39	151
47113	78	39	104
47126	75	39	35
47128	75	39	9
47130	75	39	37
47131	75	39	37
47146	54	39	104
47148	54	39	129
47155	54	39	151
47161	58	39	129
47171	61	39	104
47176	61	39	37
47197	66	39	104
47204	66	39	37
47205	66	39	37
47210	66	39	20
47213	33	39	9
47216	33	39	129
47217	33	39	129
47218	33	39	37
47233	2	39	151
47248	73	39	151
47262	41	39	151
47268	4	39	37
47283	55	39	37
47319	27	39	129
47329	71	39	9
47344	72	39	129
47357	49	39	129
47367	32	39	104
47397	22	39	151
47401	35	39	35
47410	19	39	35
47415	19	39	37
47423	18	39	104
47424	18	39	9
47436	9	39	9
47450	17	39	21
47451	17	39	151
47454	15	39	104
47455	15	39	104
47468	52	39	104
47470	52	39	9
47488	36	39	144
47492	36	39	29
47506	59	39	104
47508	59	39	9
47514	59	39	41
47518	59	39	124
47581	56	39	129
47597	37	39	37
47601	37	39	14
47630	53	39	35
47632	53	39	9
47635	53	39	151
47636	53	39	44
47642	68	39	104
47647	68	39	151
47658	67	39	129
47676	7	39	9
47680	7	39	129
47689	10	39	35
47690	10	39	35
47699	70	39	129
47700	70	39	129
47717	47	39	129
47725	64	39	129
47732	57	39	104
47747	21	39	129
47780	44	39	129
47794	42	39	9
47807	79	39	35
47814	79	39	14
47821	60	39	9
47824	60	39	129
47841	6	39	37
47857	24	39	124
47859	51	39	104
47861	51	39	9
47891	29	39	129
47907	45	39	104
47909	45	39	37
47917	28	39	37
47925	20	39	104
47931	20	39	37
47939	38	39	104
47942	38	39	129
47960	69	39	124
47963	43	39	104
47964	43	39	104
47965	43	39	131
47969	43	39	129
48036	62	59	37
48037	62	59	37
48048	65	59	151
48053	16	59	129
48065	78	59	37
48108	14	59	129
48127	33	59	104
48137	2	59	104
48148	73	59	37
48154	39	59	37
48165	41	59	145
48179	55	59	104
48208	74	59	37
48210	74	59	20
48212	8	59	104
48214	8	59	129
48215	8	59	129
48222	27	59	104
48226	27	59	129
48227	27	59	129
48245	72	59	104
48247	72	59	9
48265	32	59	37
48266	32	59	37
48282	35	59	104
48292	19	59	9
48302	18	59	9
48310	9	59	9
48381	48	59	37
48384	34	59	104
48398	56	59	104
48411	37	59	151
48436	53	59	129
48456	67	59	129
48513	57	59	129
48535	44	59	144
48539	31	59	3
48554	79	59	129
48564	60	59	104
48576	6	59	129
48603	11	59	104
48637	20	59	104
48658	69	59	37
48666	43	59	129
48683	13	59	104
48722	65	25	9
48737	16	25	129
48745	78	25	37
48750	75	25	9
48751	75	25	9
48753	75	25	37
48763	54	25	104
48771	58	25	129
48780	61	25	9
48793	14	25	151
48799	66	25	37
48802	66	25	151
48808	33	25	129
48811	33	25	92
48816	2	25	9
48828	73	25	104
48829	73	25	131
48835	39	25	9
48838	39	25	151
48840	41	25	9
48850	4	25	9
48854	4	25	37
48866	55	25	129
48869	55	25	37
48875	40	25	37
48881	74	25	129
48884	8	25	9
48887	8	25	129
48888	8	25	129
48914	72	25	129
48934	32	25	9
48940	32	25	151
48941	32	25	44
48945	76	25	9
48950	22	25	35
48970	19	25	151
48973	18	25	9
48974	18	25	129
48978	18	25	44
48982	9	25	37
48983	9	25	151
48984	9	25	151
48986	9	25	43
48990	17	25	35
48995	17	25	37
49005	15	25	9
49019	52	25	129
49020	52	25	129
49025	52	25	151
49031	36	25	44
49033	5	25	104
49035	5	25	37
49047	48	25	9
49048	48	25	9
49050	48	25	37
49058	34	25	9
49068	77	25	131
49075	56	25	129
49086	37	25	151
49098	50	25	129
49107	53	25	151
49112	68	25	9
49113	68	25	9
49115	68	25	129
49119	68	25	151
49120	68	25	14
49122	67	25	9
49164	47	25	151
49171	64	25	129
49177	57	25	9
49180	21	25	35
49192	46	25	104
49202	31	25	104
49209	42	25	9
49214	42	25	129
49216	42	25	10
49253	6	25	151
49257	24	25	129
49292	30	25	9
49298	45	25	37
49308	28	25	151
49309	20	25	104
49311	20	25	37
49328	43	25	129
49333	63	25	104
49346	13	25	129
49353	13	25	124
49361	23	25	44
49375	62	33	37
49418	75	33	9
49421	75	33	37
49424	75	33	151
49447	58	33	129
49464	61	33	21
49495	2	33	151
49500	73	33	37
49519	41	33	151
49526	4	33	37
49527	4	33	151
49545	40	33	37
49578	71	33	37
49591	72	33	9
49604	49	33	37
49605	49	33	37
49606	49	33	44
49609	32	33	35
49647	19	33	37
49648	19	33	37
49657	18	33	35
49666	18	33	145
49669	9	33	9
49682	17	33	37
49687	17	33	151
49688	17	33	20
49721	5	33	35
49735	59	33	9
49737	59	33	37
49753	25	33	37
49781	77	33	104
49783	77	33	129
49801	37	33	9
49804	37	33	37
49805	37	33	37
49827	50	33	129
49869	67	33	151
49873	0	33	104
49910	47	33	37
49931	57	33	10
49946	46	33	104
49947	46	33	129
49953	44	33	129
49979	42	33	92
49986	79	33	151
50007	6	33	104
50008	6	33	104
50020	24	33	10
50031	51	33	129
50047	11	33	10
50053	29	33	151
50106	43	33	129
50124	13	33	104
50167	65	57	9
50168	65	57	9
50176	65	57	151
50194	78	57	104
50195	78	57	104
50205	75	57	9
50207	75	57	37
50210	75	57	151
50232	58	57	104
50237	58	57	37
50241	58	57	151
50245	61	57	104
50251	61	57	37
50268	14	57	151
50281	66	57	37
50292	33	57	35
50331	39	57	151
50337	41	57	35
50342	41	57	9
50379	55	57	145
50413	27	57	37
50420	71	57	9
50421	71	57	9
50435	72	57	104
50439	72	57	9
50446	72	57	151
50450	49	57	104
50451	49	57	9
50464	32	57	35
50465	32	57	104
50475	32	57	14
50480	76	57	35
50481	76	57	35
50484	76	57	37
50487	76	57	151
50493	22	57	37
50511	19	57	104
50512	19	57	104
50513	19	57	37
50557	17	57	145
50565	15	57	37
50571	15	57	151
50582	52	57	37
50592	36	57	37
50622	59	57	37
50654	48	57	9
50657	48	57	37
50666	34	57	37
50678	77	57	37
50679	77	57	151
50704	37	57	151
50729	50	57	37
50730	50	57	37
50731	50	57	37
50739	53	57	35
50741	53	57	9
50766	67	57	35
50769	67	57	37
50775	67	57	151
50776	67	57	14
50794	7	57	37
50800	7	57	151
50801	7	57	151
50815	10	57	151
50819	70	57	35
50828	70	57	151
50848	64	57	9
50856	64	57	151
50857	64	57	151
50858	64	57	3
50882	46	57	35
50897	44	57	37
50914	42	57	37
50922	42	57	151
50932	79	57	37
50945	60	57	151
50978	51	57	37
50994	29	57	104
51009	30	57	37
51024	28	57	10
51032	20	57	37
51038	20	57	14
51066	63	57	35
51079	13	57	104
51080	13	57	37
51094	23	57	104
51098	23	57	37
51108	62	19	104
51124	65	19	129
51161	75	19	35
51166	75	19	151
51209	61	19	151
51212	14	19	104
51215	14	19	129
51227	66	19	129
51228	66	19	129
51236	33	19	129
51242	33	19	151
51243	33	19	151
51247	2	19	104
51255	2	19	151
51262	73	19	151
51263	73	19	29
51274	41	19	129
51330	8	19	129
51337	27	19	129
51357	72	19	131
51366	72	19	21
51367	72	19	151
51370	49	19	35
51374	49	19	129
51400	22	19	10
51411	35	19	37
51414	35	19	151
51442	17	19	29
51460	52	19	35
51466	52	19	3
51485	5	19	151
51517	48	19	92
51525	34	19	21
51529	77	19	129
51593	68	19	145
51599	67	19	104
51612	0	19	129
51618	7	19	129
51619	7	19	129
51632	10	19	37
51642	70	19	104
51643	70	19	131
51649	70	19	129
51650	70	19	129
51653	70	19	3
51779	51	19	104
51830	28	19	37
51831	28	19	10
51835	28	19	151
51861	38	19	145
51920	23	19	104
51924	23	19	151
51926	3	19	104
51953	16	37	151
51956	78	37	104
51959	75	37	129
51967	75	37	3
51973	54	37	104
51994	61	37	104
52001	61	37	145
52003	14	37	104
52008	14	37	129
52011	14	37	151
52019	66	37	129
52033	33	37	151
52053	39	37	104
52093	40	37	37
52124	71	37	104
52125	71	37	104
52143	72	37	10
52148	72	37	151
52171	76	37	129
52199	19	37	9
52200	19	37	9
52211	18	37	129
52229	17	37	131
52242	15	37	104
52321	34	37	151
52378	68	37	129
52385	67	37	104
52388	67	37	129
52394	67	37	151
52400	0	37	129
52444	64	37	104
52448	64	37	129
52470	44	37	129
52478	31	37	151
52479	31	37	151
52495	79	37	129
52508	60	37	129
52517	6	37	151
52518	6	37	151
52579	28	37	104
52598	20	37	37
52609	69	37	129
52636	63	37	151
52656	1	37	151
52669	62	72	104
52678	62	72	37
52679	62	72	37
52680	62	72	37
52688	16	72	129
52720	26	72	37
52760	14	72	151
52774	33	72	104
52785	2	72	151
52791	73	72	37
52818	4	72	151
52826	55	72	37
52838	74	72	129
52846	8	72	129
52869	49	72	129
52871	49	72	145
52872	49	72	145
52883	76	72	104
52896	22	72	129
52912	19	72	151
52917	18	72	129
52918	18	72	129
52934	17	72	104
52939	17	72	129
52961	52	72	37
52986	59	72	29
53002	48	72	43
53015	77	72	104
53052	50	72	151
53060	53	72	151
53082	0	72	151
53084	0	72	145
53086	7	72	104
53117	47	72	151
53133	21	72	129
53134	21	72	129
53139	21	72	151
53157	31	72	104
53160	31	72	37
53166	42	72	104
53183	79	72	129
53191	60	72	129
53197	60	72	145
53216	24	72	129
53228	51	72	129
53239	11	72	37
53256	30	72	10
53259	30	72	145
53265	28	72	37
53301	69	72	129
53343	3	72	129
53351	62	43	37
53361	65	43	104
53365	65	43	37
53372	16	43	9
53373	16	43	9
53394	26	43	151
53397	54	43	9
53422	14	43	35
53427	14	43	3
53435	66	43	37
53442	33	43	37
53451	2	43	37
53466	41	43	14
53470	4	43	35
53471	4	43	9
53482	55	43	9
53484	55	43	37
53485	55	43	37
53497	40	43	151
53508	74	43	151
53515	8	43	151
53518	27	43	151
53525	71	43	35
53533	71	43	151
53538	72	43	37
53544	49	43	104
53553	32	43	37
53554	32	43	37
53573	22	43	151
53574	22	43	151
53579	19	43	131
53584	19	43	151
53585	18	43	35
53590	18	43	37
53591	18	43	21
53593	18	43	43
53599	17	43	9
53605	17	43	151
53606	17	43	151
53613	15	43	9
53620	15	43	44
53623	52	43	104
53637	5	43	9
53638	5	43	9
53644	59	43	9
53646	59	43	37
53651	25	43	9
53665	48	43	9
53676	34	43	35
53679	34	43	9
53711	80	43	37
53730	68	43	37
53731	68	43	37
53732	68	43	144
53735	67	43	35
53738	67	43	9
53744	0	43	104
53753	7	43	35
53754	7	43	9
53757	7	43	151
53773	70	43	9
53776	47	43	37
53778	64	43	9
53787	64	43	151
53789	57	43	9
53797	57	43	37
53798	57	43	37
53804	21	43	9
53812	12	43	104
53817	46	43	9
53818	46	43	9
53833	31	43	104
53835	31	43	37
53847	42	43	151
53865	60	43	21
53872	6	43	37
53880	24	43	37
53884	51	43	9
53888	51	43	37
53896	11	43	9
53902	11	43	151
53910	29	43	151
53912	30	43	104
53916	30	43	37
53962	63	43	9
53977	13	43	29
53978	1	43	37
53982	1	43	151
53984	23	43	104
53986	23	43	129
54009	65	46	37
54018	16	46	35
54034	78	46	37
54035	78	46	37
54042	75	46	35
54051	75	46	151
54055	26	46	35
54060	26	46	151
54065	54	46	104
54072	54	46	151
54090	61	46	37
54095	61	46	151
54096	61	46	20
54107	14	46	37
54113	14	46	44
54123	66	46	144
54126	66	46	14
54134	33	46	9
54149	2	46	92
54161	73	46	37
54162	73	46	37
54181	41	46	9
54185	41	46	37
54201	4	46	37
54214	55	46	37
54222	55	46	151
54226	40	46	104
54243	8	46	9
54244	8	46	9
54248	8	46	37
54261	71	46	35
54292	72	46	151
54300	49	46	37
54318	32	46	151
54319	32	46	20
54331	76	46	37
54342	22	46	9
54343	22	46	9
54344	22	46	9
54373	18	46	35
54387	9	46	9
54389	9	46	37
54408	17	46	151
54425	52	46	9
54465	59	46	104
54481	25	46	37
54487	25	46	151
54491	48	46	104
54529	56	46	41
54567	50	46	37
54598	67	46	104
54602	67	46	37
54603	67	46	10
54631	10	46	104
54643	70	46	35
54649	70	46	151
54650	70	46	151
54651	70	46	151
54653	47	46	104
54663	64	46	35
54664	64	46	104
54677	57	46	9
54687	21	46	37
54698	44	46	104
54708	31	46	37
54710	31	46	41
54790	29	46	37
54806	30	46	20
54813	45	46	37
54814	45	46	37
54835	20	46	37
54840	20	46	151
54860	43	46	129
54861	43	46	144
54870	63	46	41
54875	13	46	37
54878	13	46	151
54882	1	46	37
54883	1	46	37
54884	1	46	37
54898	3	46	151
54913	65	75	129
54929	16	75	151
54943	26	75	104
54970	58	75	129
54991	14	75	129
54992	14	75	129
55018	2	75	104
55037	73	75	43
55047	41	75	9
55050	41	75	129
55051	41	75	129
55056	41	75	151
55059	4	75	37
55060	4	75	37
55061	4	75	10
55068	4	75	151
55101	8	75	104
55104	8	75	129
55109	8	75	151
55137	72	75	104
55160	32	75	9
55169	32	75	14
55191	22	75	129
55209	19	75	9
55226	18	75	151
55234	9	75	9
55274	52	75	151
55282	36	75	9
55296	5	75	129
55297	5	75	129
55314	59	75	129
55315	59	75	129
55325	25	75	37
55342	48	75	10
55368	56	75	104
55395	80	75	37
55425	68	75	129
55429	68	75	10
55432	68	75	151
55433	68	75	151
55450	67	75	145
55465	7	75	129
55487	70	75	129
55498	47	75	151
55539	12	75	37
55581	79	75	129
55598	6	75	104
55605	6	75	92
55608	24	75	104
55664	30	75	151
55706	69	75	151
55719	43	75	151
55740	13	75	20
55745	1	75	37
55746	1	75	37
55747	1	75	37
55766	62	51	9
55771	62	51	151
55774	65	51	9
55784	16	51	9
55790	16	51	151
55803	26	51	35
55804	26	51	104
55810	54	51	9
55812	54	51	37
55813	54	51	37
55818	58	51	104
55831	61	51	151
55850	66	51	151
55874	39	51	104
55888	4	51	104
55893	4	51	37
55902	55	51	104
55903	55	51	104
55907	55	51	37
55915	74	51	104
55928	27	51	9
55931	71	51	104
55946	49	51	37
55947	49	51	37
55948	49	51	37
55952	32	51	9
55956	32	51	151
55958	76	51	104
55959	76	51	9
55962	76	51	151
55965	22	51	129
55982	19	51	151
55986	18	51	9
55994	9	51	9
55996	9	51	151
55997	9	51	151
56001	17	51	129
56007	15	51	104
56011	15	51	37
56017	52	51	35
56026	36	51	9
56027	36	51	9
56038	59	51	131
56046	25	51	37
56064	34	51	37
56066	77	51	104
56070	77	51	151
56071	56	51	9
56100	53	51	104
56103	53	51	37
56104	53	51	151
56132	7	51	151
56133	7	51	151
56148	70	51	35
56151	70	51	129
56166	57	51	35
56178	21	51	9
56187	12	51	37
56189	46	51	9
56192	46	51	129
56193	46	51	129
56194	46	51	151
56203	44	51	129
56209	31	51	44
56251	6	51	9
56257	24	51	104
56261	11	51	9
56270	11	51	151
56273	29	51	37
56274	29	51	37
56279	30	51	9
56290	28	51	104
56301	20	51	151
56323	63	51	129
56326	13	51	35
56336	1	51	37
56343	3	51	37
56351	62	79	10
56356	62	79	151
56371	65	79	151
56408	75	79	151
56414	26	79	14
56493	2	79	104
56510	73	79	37
56528	41	79	37
56539	4	79	37
56540	4	79	10
56547	4	79	20
56548	4	79	145
56578	74	79	151
56593	27	79	37
56607	72	79	104
56612	72	79	10
56621	49	79	9
56623	49	79	37
56624	49	79	37
56625	49	79	151
56637	32	79	151
56638	32	79	145
56648	76	79	9
56651	76	79	129
56652	76	79	144
56678	19	79	9
56690	18	79	9
56699	9	79	9
56713	17	79	124
56719	15	79	37
56727	15	79	124
56729	52	79	35
56740	52	79	20
56760	5	79	9
56761	5	79	9
56768	59	79	131
56772	59	79	37
56785	25	79	37
56793	48	79	35
56800	48	79	37
56818	77	79	104
56826	56	79	9
56839	37	79	35
56840	37	79	104
56844	37	79	37
56849	37	79	151
56867	50	79	129
56868	50	79	129
56869	50	79	129
56883	53	79	129
56904	68	79	43
56912	67	79	104
56914	67	79	9
56932	7	79	151
56933	7	79	14
56958	70	79	129
56959	70	79	129
56972	47	79	92
57002	21	79	9
57013	12	79	151
57027	46	79	151
57033	44	79	129
57056	60	79	104
57058	60	79	129
57073	6	79	9
57082	24	79	37
57090	51	79	129
57094	51	79	41
57098	51	79	151
57108	11	79	37
57127	30	79	37
57128	30	79	37
57142	28	79	37
57147	28	79	151
57164	38	79	104
57187	43	79	104
57202	63	79	129
57203	63	79	129
57224	1	79	37
57236	62	17	10
57245	65	17	131
57259	16	17	35
57338	33	17	9
57341	33	17	37
57356	73	17	37
57371	39	17	44
57399	55	17	104
57433	8	17	10
57441	27	17	37
57447	27	17	151
57451	71	17	9
57474	49	17	37
57506	22	17	9
57511	22	17	20
57522	35	17	37
57577	52	17	37
57578	52	17	37
57603	59	17	104
57606	59	17	9
57610	59	17	41
57629	48	17	10
57633	48	17	14
57641	34	17	37
57642	34	17	37
57668	37	17	37
57669	37	17	37
57677	80	17	37
57693	53	17	35
57704	68	17	104
57706	68	17	37
57716	67	17	104
57717	67	17	104
57720	67	17	144
57727	0	17	37
57746	10	17	104
57756	70	17	35
57759	70	17	9
57763	70	17	124
57787	21	17	129
57788	21	17	129
57805	46	17	145
57808	44	17	129
57809	44	17	37
57872	24	17	37
57876	51	17	104
57898	11	17	124
57922	45	17	151
57926	28	17	37
57937	20	17	37
57944	38	17	129
57952	69	17	37
57955	69	17	29
57959	43	17	129
57984	1	17	37
57999	62	23	35
58015	65	23	104
58034	16	23	151
58039	78	23	35
58057	75	23	37
58062	75	23	151
58070	26	23	37
58073	26	23	151
58085	54	23	44
58119	61	23	124
58131	14	23	151
58134	66	23	104
58139	66	23	37
58191	39	23	20
58198	41	23	9
58220	55	23	35
58229	55	23	21
58230	55	23	3
58257	8	23	44
58264	27	23	104
58277	71	23	37
58291	72	23	9
58309	49	23	37
58316	49	23	29
58333	76	23	9
58345	22	23	35
58347	22	23	9
58358	22	23	145
58385	19	23	151
58389	18	23	35
58395	18	23	37
58397	18	23	151
58407	9	23	37
58408	9	23	37
58410	9	23	41
58416	9	23	145
58427	17	23	151
58435	15	23	9
58456	52	23	151
58464	36	23	104
58468	36	23	37
58469	36	23	10
58475	5	23	104
58477	5	23	9
58478	5	23	9
58486	5	23	43
58492	59	23	37
58495	59	23	41
58502	59	23	124
58524	48	23	37
58526	48	23	10
58535	34	23	9
58538	34	23	37
58582	37	23	104
58584	37	23	9
58587	37	23	37
58599	80	23	35
58616	50	23	151
58630	53	23	37
58654	67	23	37
58659	67	23	92
58660	67	23	29
58672	0	23	151
58677	7	23	35
58678	7	23	104
58687	7	23	151
58713	70	23	20
58723	47	23	37
58728	47	23	151
58744	64	23	145
58764	21	23	129
58765	21	23	37
58783	46	23	9
58800	44	23	129
58805	44	23	151
58807	31	23	37
58811	31	23	92
58826	42	23	151
58828	42	23	145
58830	79	23	35
58848	60	23	35
58856	60	23	14
58883	24	23	37
58886	24	23	14
58896	51	23	37
58901	51	23	151
58902	51	23	151
58907	11	23	9
58918	29	23	9
58931	30	23	9
58942	45	23	41
58953	28	23	37
58954	28	23	37
58968	20	23	144
58980	38	23	10
59003	43	23	41
59007	43	23	20
59013	63	23	9
59024	13	23	9
59044	1	23	20
59081	16	9	129
59096	75	9	104
59097	75	9	129
59131	61	9	21
59132	61	9	151
59137	14	9	129
59167	33	9	151
59184	73	9	129
59186	73	9	21
59188	39	9	104
59220	55	9	129
59228	40	9	37
59275	72	9	129
59278	72	9	10
59319	22	9	35
59323	22	9	129
59375	15	9	151
59380	52	9	129
59389	36	9	129
59410	59	9	21
59438	48	9	124
59466	56	9	14
59515	68	9	104
59520	68	9	129
59529	67	9	129
59538	0	9	129
59539	0	9	129
59548	7	9	129
59577	64	9	129
59585	57	9	151
59590	21	9	104
59603	46	9	44
59606	44	9	104
59607	44	9	129
59632	79	9	129
59661	24	9	151
59672	51	9	20
59697	30	9	37
59707	45	9	151
59776	13	9	129
59789	62	78	104
59796	62	78	37
59831	26	78	35
59847	54	78	151
59852	58	78	104
59872	14	78	104
59877	14	78	129
59883	14	78	151
59889	66	78	9
59904	33	78	151
59905	33	78	44
59911	2	78	129
59916	2	78	124
59922	73	78	129
59927	73	78	151
59931	39	78	151
59947	4	78	10
59969	74	78	104
59978	74	78	151
59986	27	78	129
59992	71	78	104
60001	71	78	151
60003	72	78	35
60004	72	78	9
60005	72	78	129
60006	72	78	129
60007	72	78	151
60010	49	78	9
60011	49	78	129
60012	49	78	129
60014	49	78	151
60015	49	78	44
60021	32	78	9
60022	32	78	9
60063	18	78	104
60066	18	78	9
60073	9	78	35
60092	15	78	9
60093	15	78	9
60095	15	78	129
60112	36	78	129
60113	36	78	129
60116	5	78	129
60125	59	78	9
60126	59	78	9
60141	25	78	129
60148	48	78	35
60168	56	78	104
60170	56	78	9
60174	56	78	129
60190	37	78	151
60239	0	78	129
60240	0	78	129
60270	70	78	151
60271	70	78	44
60275	47	78	129
60280	64	78	35
60281	64	78	9
60299	21	78	129
60311	46	78	129
60318	44	78	151
60328	42	78	9
60338	42	78	92
60340	79	78	104
60341	79	78	104
60363	60	78	151
60388	51	78	129
60406	11	78	145
60409	29	78	129
60410	29	78	129
60421	30	78	129
60455	20	78	14
60482	43	78	41
60500	13	78	129
60502	13	78	20
60509	1	78	151
60519	3	78	129
60523	62	42	9
60533	65	42	129
60534	65	42	41
60536	16	42	35
60537	16	42	9
60540	16	42	129
60543	16	42	151
60549	75	42	104
60551	75	42	37
60558	26	42	43
60563	54	42	43
60581	14	42	104
60582	14	42	9
60590	66	42	151
60592	33	42	35
60613	39	42	37
60619	41	42	104
60650	8	42	104
60651	8	42	104
60662	27	42	129
60669	71	42	9
60671	71	42	37
60680	72	42	9
60686	49	42	35
60716	35	42	124
60717	19	42	104
60718	19	42	37
60736	9	42	9
60762	36	42	9
60763	36	42	129
60769	5	42	37
60771	5	42	21
60773	59	42	104
60791	34	42	9
60798	77	42	129
60805	56	42	129
60807	56	42	151
60820	80	42	9
60821	80	42	37
60830	53	42	35
60835	53	42	129
60844	67	42	104
60863	7	42	43
60882	47	42	104
60897	57	42	129
60899	21	42	9
60901	21	42	129
60904	12	42	37
60905	12	42	151
60910	46	42	129
60912	44	42	129
60916	31	42	37
60937	6	42	104
60939	6	42	9
60954	24	42	29
60958	51	42	129
60966	11	42	129
60970	11	42	151
60976	29	42	151
60984	45	42	104
60985	45	42	37
60986	45	42	37
60991	28	42	9
61022	63	42	129
61026	13	42	104
61032	13	42	151
61046	62	1	35
61052	62	1	37
61061	65	1	35
61063	65	1	9
61067	65	1	129
61083	16	1	9
61092	16	1	151
61106	78	1	92
61117	75	1	21
61118	75	1	151
61119	75	1	3
61123	26	1	37
61138	54	1	129
61145	54	1	151
61174	61	1	9
61186	14	1	35
61187	14	1	9
61200	66	1	35
61218	33	1	129
61233	2	1	129
61246	73	1	104
61289	4	1	37
61293	4	1	151
61309	55	1	151
61314	40	1	37
61320	74	1	104
61324	74	1	9
61357	27	1	10
61359	27	1	151
61360	27	1	92
61364	71	1	35
61379	72	1	9
61382	72	1	129
61395	49	1	9
61406	49	1	44
61407	49	1	44
61426	76	1	35
61432	76	1	44
61448	22	1	151
61456	35	1	9
61465	19	1	9
61485	18	1	3
61506	17	1	35
61507	17	1	104
61509	17	1	9
61576	59	1	35
61577	59	1	9
61580	59	1	129
61581	59	1	129
61603	25	1	151
61609	48	1	104
61616	48	1	129
61629	34	1	9
61632	34	1	129
61662	56	1	3
61669	37	1	9
61681	80	1	9
61690	80	1	14
61697	50	1	9
61712	53	1	104
61718	53	1	129
61731	68	1	129
61740	67	1	35
61758	0	1	9
61774	7	1	129
61783	7	1	151
61785	10	1	104
61803	70	1	9
61842	57	1	104
61859	21	1	129
61863	12	1	9
61880	46	1	9
61884	44	1	104
61886	44	1	9
61931	79	1	9
61935	79	1	41
61937	79	1	151
61944	60	1	35
61956	6	1	35
61962	6	1	129
61971	6	1	44
61979	24	1	129
61993	51	1	9
62009	11	1	129
62016	11	1	20
62022	29	1	9
62023	29	1	9
62025	29	1	129
62065	28	1	145
62080	38	1	104
62084	38	1	129
62098	69	1	129
62109	43	1	129
62121	43	1	92
62136	63	1	151
62139	13	1	35
62142	13	1	129
62158	62	28	35
62159	62	28	35
62161	62	28	129
62164	62	28	3
62180	78	28	35
62196	75	28	151
62200	26	28	35
62206	26	28	151
62217	58	28	9
62227	58	28	43
62234	61	28	9
62235	61	28	129
62243	14	28	9
62244	14	28	9
62245	14	28	9
62256	66	28	151
62257	66	28	151
62259	66	28	145
62265	33	28	129
62273	2	28	151
62275	2	28	145
62287	39	28	9
62288	39	28	9
62326	40	28	129
62327	40	28	129
62329	74	28	9
62334	74	28	151
62343	8	28	129
62351	71	28	35
62353	71	28	129
62357	71	28	151
62358	72	28	9
62374	32	28	104
62375	32	28	9
62404	22	28	151
62407	35	28	151
62412	19	28	35
62415	19	28	129
62434	17	28	9
62441	15	28	35
62474	5	28	151
62476	59	28	35
62484	59	28	151
62485	59	28	151
62499	25	28	151
62514	34	28	129
62519	34	28	151
62522	77	28	9
62526	77	28	151
62531	56	28	151
62548	50	28	104
62555	53	28	9
62558	53	28	129
62566	68	28	129
62584	0	28	151
62591	7	28	129
62597	10	28	9
62613	70	28	9
62615	70	28	44
62624	64	28	9
62636	57	28	129
62640	21	28	104
62643	21	28	129
62654	46	28	104
62663	44	28	129
62670	31	28	35
62682	42	28	9
62692	79	28	35
62693	79	28	104
62695	79	28	9
62697	79	28	129
62706	60	28	129
62711	60	28	151
62719	6	28	151
62724	24	28	129
62725	24	28	43
62761	30	28	9
62783	38	28	41
62786	38	28	151
62787	38	28	151
62788	69	28	131
62801	43	28	44
62802	63	28	35
62810	63	28	151
62812	13	28	104
62819	13	28	41
62825	1	28	129
62828	23	28	104
62829	23	28	129
62836	62	24	9
62846	65	24	35
62847	65	24	104
62856	65	24	92
62860	16	24	9
62869	78	24	37
62870	78	24	10
62881	75	24	151
62901	58	24	35
62924	14	24	35
62927	14	24	129
62944	66	24	37
62945	66	24	37
62971	73	24	104
62972	73	24	9
62987	39	24	3
62996	41	24	151
63004	4	24	9
63012	4	24	151
63023	55	24	20
63039	8	24	35
63060	71	24	104
63067	71	24	124
63069	72	24	9
63074	72	24	129
63077	72	24	151
63080	49	24	35
63082	49	24	9
63086	49	24	151
63088	32	24	9
63093	32	24	151
63102	76	24	129
63105	76	24	151
63119	35	24	35
63122	35	24	151
63129	19	24	9
63133	19	24	37
63142	18	24	151
63143	18	24	124
63165	17	24	151
63171	15	24	37
63184	52	24	151
63199	5	24	35
63210	59	24	9
63257	34	24	37
63285	37	24	35
63290	37	24	129
63293	37	24	37
63295	37	24	151
63306	50	24	35
63307	50	24	131
63310	50	24	151
63314	53	24	129
63316	53	24	92
63320	68	24	9
63321	68	24	9
63326	68	24	151
63329	67	24	35
63334	67	24	10
63355	7	24	151
63356	7	24	151
63372	70	24	129
63386	64	24	104
63387	64	24	104
63396	57	24	131
63402	21	24	35
63410	12	24	9
63422	46	24	151
63424	44	24	104
63425	44	24	9
63430	44	24	151
63431	44	24	44
63438	31	24	151
63439	42	24	35
63440	42	24	104
63454	79	24	9
63475	60	24	151
63480	6	24	129
63491	51	24	129
63494	51	24	10
63554	20	24	9
63569	38	24	145
63577	43	24	104
63589	63	24	104
63594	63	24	129
63601	13	24	151
63602	13	24	151
63606	1	24	104
63613	23	24	104
63640	16	71	9
63644	16	71	129
63655	75	71	104
63664	26	71	129
63672	54	71	129
63675	54	71	151
63680	58	71	14
63712	33	71	41
63723	73	71	9
63734	41	71	35
63738	4	71	104
63759	40	71	37
63761	40	71	151
63768	8	71	104
63769	8	71	129
63777	27	71	151
63784	72	71	151
63787	49	71	129
63794	32	71	37
63796	32	71	151
63802	76	71	9
63809	22	71	9
63819	19	71	35
63830	18	71	129
63834	9	71	35
63842	17	71	129
63843	17	71	129
63865	36	71	44
63870	5	71	35
63879	59	71	35
63897	48	71	9
63903	34	71	104
63945	53	71	129
63966	0	71	104
63978	7	71	129
63983	7	71	151
63986	10	71	104
64004	70	71	151
64007	47	71	104
64027	21	71	151
64028	21	71	44
64030	12	71	151
64034	46	71	129
64063	79	71	129
64066	79	71	151
64077	6	71	129
64078	6	71	129
64084	24	71	129
64113	30	71	104
64122	45	71	37
64135	28	71	151
64180	1	71	37
64181	1	71	37
64184	1	71	151
64191	23	71	129
64192	23	71	129
64197	3	71	151
64199	65	62	9
64218	75	62	129
64232	54	62	9
64235	54	62	129
64238	54	62	151
64239	54	62	44
64240	54	62	3
64290	33	62	44
64300	73	62	9
64309	41	62	104
64310	41	62	104
64311	41	62	104
64317	41	62	151
64327	4	62	37
64359	71	62	129
64360	71	62	129
64361	71	62	129
64367	72	62	9
64383	76	62	9
64427	17	62	35
64428	17	62	9
64429	17	62	9
64435	17	62	151
64438	15	62	129
64440	15	62	144
64457	52	62	151
64459	36	62	9
64472	59	62	9
64473	59	62	9
64477	59	62	129
64478	59	62	129
64479	59	62	129
64489	48	62	35
64492	48	62	129
64503	34	62	129
64509	77	62	104
64519	56	62	9
64525	37	62	9
64529	37	62	129
64552	53	62	151
64558	68	62	151
64561	67	62	131
64574	7	62	129
64592	47	62	129
64599	64	62	151
64600	64	62	151
64608	57	62	129
64614	21	62	9
64625	12	62	129
64628	46	62	35
64635	46	62	151
64646	31	62	151
64656	42	62	20
64671	60	62	129
64683	6	62	44
64687	24	62	129
64690	24	62	151
64693	51	62	104
64715	29	62	151
64721	30	62	129
64725	30	62	151
64726	30	62	44
64745	20	62	104
64777	63	62	151
64789	23	62	104
64795	23	62	44
64796	3	62	129
64797	3	62	129
